text,created_date_time,tweet_id,username,user_screen_name,user_id,user_location,user_description,verified,associated_place,retweet_count,location,user_geo,toxic,severe_toxic,subjectivity
@WhiteClawTLK @Hyacintho_Draco @kiaraSexy3 Well he lied to you because I've never talked to him,2/15/2021 19:00,1.36e+18,Kivu,TLGKivu,9.87e+17,"Pridelands, Fair Hill, Penrith, Cumbria, North West England, England, CA11 9GS, United Kingdom",Father: @kingkionTLG / mother:@teenageSawa / â¤ï¸: @Ashaprincess07/ mejores amigos: @marmuarXD @TheQueenRani1 @Leon_kion1,False,,0,"Pridelands, Fair Hill, Penrith, Cumbria, North West England, England, CA11 9GS, United Kingdom","(54.6730778, -2.754079, 0.0)",0,0,0
@Narayan_N7 wow that is fantastic news man! You are SO talented! I can't wait to see some of your new professionalâ€¦ https://t.co/YNMH537YVo,2/15/2021 19:00,1.36e+18,Jorunn Star Citizen,Jorunn_SC,7.75e+17,"Miami, Miami-Dade County, Florida, United States",Bar Citizen Guy #hypeismyfulltimejob https://t.co/xgl3kQgSUv and Founder of the 890JumpClub. Streaming on https://t.co/T7Szjy75b6 and the weekly https://t.co/8wSmHqoUkL podcast,False,,0,"Miami, Miami-Dade County, Florida, United States","(25.7741728, -80.19362, 0.0)",0,0,0
"@UrAcidHero METTATON- i mean, fabulous robot?",2/15/2021 19:00,1.36e+18,âœ° â€” dabi,dabifIame,1.3e+18,"Munster Elementary School (Closed), 7816, Munster, Goulbourn, Ottawa, Eastern Ontario, Ontario, K0A 3P0, Canada",#TOUYA: Iâ€™m the devilâ€™s dancer.,False,,0,"Munster Elementary School (Closed), 7816, Munster, Goulbourn, Ottawa, Eastern Ontario, Ontario, K0A 3P0, Canada","(45.16284785, -75.94136281261956, 0.0)",0,0,0
"@DeadGodsBook That is so cool!
I also get your wanting a flight jacket similar to a doomed space crew, especially wâ€¦ https://t.co/mEFctqeUXl",2/15/2021 19:00,1.36e+18,Crowned Rat,CrownedRat,605546224.0,Deutschland,"(He/Him) Roleplayer, DM, feminist, cartomancer, friend and brother. Agent of the #GoblinAgenda. Logo designer. Likes monsters.",False,,0,Deutschland,"(51.0834196, 10.4234469, 0.0)",0,0,0
"@MoaOhs A kere mate. Ha bone ba ke sharp, Rona ha re sharp.",2/15/2021 19:00,1.36e+18,Motivated ğŸ’ğŸ‡§ğŸ‡¼,GermanNkhwanana,635616963.0,"Johannesburg, City of Johannesburg Metropolitan Municipality, Gauteng, 2001, South Africa","Ngwana wa Botshabelo, Phikwe. Settled in Mmadinare.
Bsc GIS (Univ of South Australia)
MscE GIS (Univ of Fredericton, Canada)
PhD candidate, Wits Univ,  SA",False,,0,"Johannesburg, City of Johannesburg Metropolitan Municipality, Gauteng, 2001, South Africa","(-26.205, 28.049722, 0.0)",0,0,0
@YourDadLikedIt Wow and I was about to help you with your non existent student loan debt. Be that way....,2/15/2021 19:00,1.36e+18,Reggie Hammond,RoscoePekoTrai1,768083671.0,United States,Just on here to get sportsball scores and laugh with you insanely funny SOBs.,False,,0,United States,"(39.7837304, -100.4458825, 0.0)",0,0,0
"RT @Official_MX_jp: I.M
FIRST SOLO DIGITAL MINI ALBUM
&lt;DUALITY&gt;

CONCEPT PHOTO 2

#IM #DUALITY #IM_DUALITY
#MONSTAX #MONSTA_X
#ãƒ¢ãƒ³ã‚¹ã‚¿ã‚¨ãƒƒã‚¯ã‚¹
#IMâ€¦",2/15/2021 19:00,1.36e+18,ğŸ¶,minyuki_MX,1.23e+18,Argentina,"nunca supe que escribir acÃ¡, F",False,,6367,Argentina,"(-34.9964963, -64.9672817, 0.0)",0,0,0
RT @Bella16291: I did say Bright shouldnâ€™t distract me from streaming... I will never complain about getting distracted again #SadMovieMV1Mâ€¦,2/15/2021 19:00,1.36e+18,ğŸ’Brighten up my dayğŸ’,AngieReturns,1.18e+18,à¸›à¸£à¸°à¹€à¸—à¸¨à¹„à¸—à¸¢,,False,,6,à¸›à¸£à¸°à¹€à¸—à¸¨à¹„à¸—à¸¢,"(14.8971921, 100.83273, 0.0)",0,0,0
"RT @erinbiba: WOW

A part of me feels like now that we collectively know how to prevent virus transmission, no one should ever get the fluâ€¦",2/15/2021 19:00,1.36e+18,Elliot Bell-Krasner,ElliotEBK,2469717942.0,"Vale, Fairfax County, Virginia, 22124, United States","Young(ish) professional with a passion for politics and policy. Dev Mgr at @jsajuniorstate. @AmericanUAlum Board Member. Opinions, tweets and RTs are my own",False,,373,"Vale, Fairfax County, Virginia, 22124, United States","(38.8907693, -77.3482828, 0.0)",0,0,0
"RT @Pari_infinity: I think you're truly something special,
Just what my dreams are really made of,
I really like what you've done to me,
Iâ€¦",2/15/2021 19:00,1.36e+18,Famous SSRian Snehal,snehalssrfan,1.3e+18,India,Back up account for @KSnehal810 dedicated to @itsSSR,False,,19,India,"(22.3511148, 78.6677428, 0.0)",0,0,0
"we not begging to meet a nigga mama, cause we donâ€™t want them to meet ours either ğŸ˜˜ğŸ—£",2/15/2021 19:00,1.36e+18,K.brionne,KennahBrionne,8.62e+17,"Nashville-Davidson, Davidson County, Tennessee, United States",DonDaDa ğŸŒ»,False,,0,"Nashville-Davidson, Davidson County, Tennessee, United States","(36.1622296, -86.7743531, 0.0)",0,0,0
"RT @RedDoorGin: This #ValentinesDay, we're giving away a bottle of Red Door Gin for you, and a friend too!

RT and FOLLOW for the chance toâ€¦",2/15/2021 19:00,1.36e+18,Robert S,by_raas,1.06e+18,"London, Greater London, England, United Kingdom","25, London based creative",False,,749,"London, Greater London, England, United Kingdom","(51.5073219, -0.1276474, 0.0)",0,0,0
RT @PMDawnStan: I'd rather stop having military bases in Baghdad https://t.co/31M5avQMmm,2/15/2021 19:00,1.36e+18,Syd ğŸ”®ğŸ¦‡,s_erbz,33792394.0,"Los Angeles, Los Angeles County, California, United States",25 | VFX | no ğŸ’•,False,,137,"Los Angeles, Los Angeles County, California, United States","(34.0536909, -118.242766, 0.0)",0,0,0
"RT @NYCHealthSystem: Gary LaBarbera, President of the @NYCBldgTrades, has a special message for NYC Health + Hospitals employees: Get yourâ€¦",2/15/2021 19:00,1.36e+18,NYC Building Trades,NYCBldgTrades,2519405626.0,"New York, United States","Umbrella organization comprising local affiliates of 15 national and international unions representing 100,000 members in New York City's construction industry.",False,,2,"New York, United States","(40.7127281, -74.0060152, 0.0)",0,0,0
"RT @MajavuThabiso: Comrade Mama Winnie Nomzamo Madikizela Mandela:

 I am with Ace one of my first products. I know him as a little boy andâ€¦",2/15/2021 19:00,1.36e+18,bongani,bongani16,166988187.0,South Africa,,False,,3,South Africa,"(-28.8166236, 24.991639, 0.0)",0,0,0
RT @foyinog: this is literally the worst tweet iâ€™ve ever seen oh my gosh,2/15/2021 19:00,1.36e+18,sUnsHinE_â˜€ï¸_gAnGsTer,JayDils,392635320.0,"Uitenhage, Nelson Mandela Bay Metropolitan Municipality, Eastern Cape, 6229, South Africa",my voice is like a combination of fergie and jesus,False,,32,"Uitenhage, Nelson Mandela Bay Metropolitan Municipality, Eastern Cape, 6229, South Africa","(-33.7674349, 25.3961302, 0.0)",1,0,0
"RT @JoelBaccas: Less than 3K to go. #Brexit supporters made fun of this petition. Itâ€™s nearly at 100K 

Petition: Make it a criminal offencâ€¦",2/15/2021 19:00,1.36e+18,Marj ğŸ‡®ğŸ‡ªğŸ‡¬ğŸ‡§ğŸ‡ªğŸ‡º #3.5% FBPE,marjgold,252797384.0,"Reading, South East, England, United Kingdom",,False,,76,"Reading, South East, England, United Kingdom","(51.456659, -0.9696512, 0.0)",0,0,0
"RT @PermissiontoQ: I donâ€™t like the Christian God character.

Heâ€™s  an abusive, controlling man.",2/15/2021 19:00,1.36e+18,Jack,LakeOzarks60mm,1.18e+18,"Lake Of The Ozarks, Warsaw, Benton County, Missouri, 65079, United States","Husband, Father & Grandfather fighting for Truth.
Defeat, Resist and Spread the Truth.
Brother of the Fish Whispering Atheist
No DM's Please",False,,16,"Lake Of The Ozarks, Warsaw, Benton County, Missouri, 65079, United States","(38.14437665, -92.65946998732821, 0.0)",0,0,0
"RT @Moving_Kool: HER had Ivy Park before there was Ivy Park. 

â€œThe Best Partâ€ is definitely a modern day love song. https://t.co/uhMP3kbZzt",2021-02-15 19:00:49,1.361390022188966e+18,dreamlover â˜ï¸,Moving_Kool,47241523.0,"Valley County, Nebraska, United States",I google everything. He/Him,False,,1,"Valley County, Nebraska, United States","(41.5595723, -98.9805484, 0.0)",0,0,0
@seerutkchawla @StoatlyL Having worked hard to read her school book 'fluently' in preparation for the video for herâ€¦ https://t.co/eV4eKw1dQ6,2021-02-15 19:00:40,1.36138998404608e+18,Sophie Â© Smith,SophiaSmith222,146054065.0,"UP North, Aakulam Road, Sreekariyam, Thiruvananthapuram, Kerala, 695001, India","Defender of women, protector of children.


https://t.co/CdxhPdWb9T",False,,0,"UP North, Aakulam Road, Sreekariyam, Thiruvananthapuram, Kerala, 695001, India","(8.5298054, 76.90391249939469, 0.0)",0,0,0
"RT @Sumit67108552: Propaganda- Assam and NE had no historical relation with the rest of India.

Fact- Assam and NE had all sorts of historiâ€¦",2021-02-15 19:00:54,1.3613900455301857e+18,Eatanapple,akashgaautam,2572559258.0,India,Nationalist .....Environment lover...  !!! keep rivers clean!!! Salute to indian Army!!,False,,3,India,"(22.3511148, 78.6677428, 0.0)",0,0,0
So now here I am being super stingey with data and wifi cuz I'm a dumbass who has to make 300mb work until the 25thâ€¦ https://t.co/wGwPeZym0G,2021-02-15 19:00:53,1.3613900408074732e+18,Heartless PE Teacher,heartless_pe,7.137865705458606e+17,Canada,"I'm a PE Teacher in Canada. Fighting laziness, slackers and childhood obesity. 
I'm a dad, basketball player, shoe collector, DnD 5E DM",False,,0,Canada,"(61.0666922, -107.991707, 0.0)",1,0,0
RT @WYR_bot: Would you rather eat cookies forever? or get married in a week (cookies only)?,2021-02-15 19:00:49,1.361390024160346e+18,bighandinsky,peterMartingell,1020091452.0,"England, United Kingdom",ğŸŒˆ gay he/him | gamedev | minimal/cube enthusiast | music listener | sticker enthusiast | made https://t.co/QQpNmQBwaU,False,,3,"England, United Kingdom","(52.5310214, -1.2649062, 0.0)",0,0,0
RT @bbcweather: Heavy snow linked to the record-breaking low temperatures in parts of Texas over the weekend: https://t.co/K03bEyALZc,2021-02-15 19:00:44,1.3613900004457964e+18,Jelena â™¡ â°âœ¨ ğŸ¦ğŸ¬ğŸ¦‹ğŸ’™ğŸ‡¸ğŸ‡ªğŸ’›,JelenaPopovic_E,288145125.0,"Ronneby kommun, Blekinge lÃ¤n, Sverige",27â€¢â™‰ï¸â€¢â™¡ğŸ¶â˜•ï¸ğŸ¶ğŸ“šâœˆï¸ğŸŒMelfest/ESC/SHâ°/HPğŸ‘¦ğŸ»âš¯Í›â™¥ï¸â€¢#LiSğŸ¦‹ğŸ’™â€¢âœğŸ»ğŸ“šğŸ’›â€¢@JackTheFact29ğŸ‘©â€â¤ï¸â€ğŸ‘¨ğŸ‡¬ğŸ‡§ğŸ’šâ€¢@potterfolkloreğŸ¤ÏŸğŸ¦â¤ï¸â€¢#BFFS: @ArcadiaStrangeğŸ’•@IAmGrootjenğŸ’•#Persis,False,,11,"Ronneby kommun, Blekinge lÃ¤n, Sverige","(56.3, 15.283333, 0.0)",0,0,0
I know that feeling right ğŸ˜‚ğŸ˜‚ğŸ˜‚ğŸ˜‚ https://t.co/XsIXSIPQqq,2021-02-15 19:00:48,1.361390019605377e+18,Coco Pops ğŸ§šğŸ¾â€â™€ï¸,OgunderuBecca,1.3175719501437706e+18,"Ikeja, Nigeria",Biochemist || Fashion Enthusiast || Music Lover || Food Lover || Good Citizen || Magazine LoverğŸ§šğŸ¾â€â™€ï¸|| An Eliteâ­ï¸,False,"Lagos, Nigeria",0,"Ikeja, Nigeria","(6.6048591000000005, 3.3532040740949824, 0.0)",0,0,0
DENHAM COURT: Exercise care at the intersection of Camden Valley Way at Denham Court Rd due to a 2 car crash. Allow extra travel time,2021-02-15 19:00:40,1.3613899836014592e+18,Live Traffic Sydney,LiveTrafficSyd,292628789.0,"Sydney, New South Wales, Australia",This feed is for information only. For more traffic information visit http://t.co/hlgK7ZYv69 or call 132 701. For Regional NSW follow @LiveTrafficNSW,True,,0,"Sydney, New South Wales, Australia","(-33.8548157, 151.2164539, 0.0)",0,0,0
BONE CHILLEN SCREAM! IN A ABANADONED FACTORY! https://t.co/2iFKCMIjPI via @YouTube,2021-02-15 19:00:50,1.3613900284092293e+18,NIGHTWATCH,NIGHTWATCHOvO,1.332628407398658e+18,United States,"INVESTIGATOR, EXPLORER, PREPPER, SURVIVALIST, HUNTER.",False,,0,United States,"(39.7837304, -100.4458825, 0.0)",0,0,0
"RT @JNRaeside: People â€œdemandingâ€ an end to lockdown. Youâ€™re arguing with a virus. If it gallops, unchecked, through the under 50s it willâ€¦",2021-02-15 19:00:44,1.3613900017837875e+18,JOHN HALL,john_hallw,8.181362878824653e+17,"Coalville, North West Leicestershire, Leicestershire, East Midlands, England, LE67 3DW, United Kingdom",,False,,8766,"Coalville, North West Leicestershire, Leicestershire, East Midlands, England, LE67 3DW, United Kingdom","(52.7257981, -1.3741375, 0.0)",0,0,0
RT @StillIRise_X0: I lose interest when I get ignored,2021-02-15 19:00:40,1.3613899849604137e+18,ğŸ¦„ BROWN SUGARğŸ’•HOPEğŸ¦„ğŸ‡,GelatoBae,1.219271656704815e+18,"Benin City, Oredo, Edo, 11012, Nigeria","Passion driven,ğŸ’
DreamchaserğŸ’•
Beads Maker,ğŸ’
I STAND for justiceâš–ï¸
Music loverğŸ¶
Future brideğŸ‘°
A Beautiful SOULğŸ’ƒğŸ’ƒ
A good listenerğŸ‘‚ğŸ‘Œ
Future DesignerğŸ‘—ğŸ‘ ğŸ‘›",False,,16,"Benin City, Oredo, Edo, 11012, Nigeria","(6.3330586, 5.6221058, 0.0)",0,0,0
"RT @Moving_Kool: Lucky Daye sings this like he means every word. 

Roll Some Moâ€™ is a forever jam! https://t.co/JQykDO0Ne0",2021-02-15 19:00:54,1.3613900451989135e+18,dreamlover â˜ï¸,Moving_Kool,47241523.0,"Valley County, Nebraska, United States",I google everything. He/Him,False,,3,"Valley County, Nebraska, United States","(41.5595723, -98.9805484, 0.0)",0,0,0
@DurhamFella @SenhorRaposa So take all the annoying tendencies of an overly online resister combine that with the pâ€¦ https://t.co/UPpBf1u3ss,2021-02-15 19:00:49,1.361390024256848e+18,Travis Gaither,travis_gaither,1.1886019536827105e+18,"Tennessee, United States","Work towards the future you want to live in | Hobbies are campaigns, non profit fundraising, & real estate| Voting advocate & former Googler | Lane Kiffin stan",False,,0,"Tennessee, United States","(35.7730076, -86.2820081, 0.0)",0,0,0
"Although you tend to be a creature of comfort, letting go of c... More for Cancer https://t.co/n7xPvBQlI5",2021-02-15 19:00:40,1.361389983311954e+18,SUCKMYASS( Adele Stan Account),1canthelpit,1514812573.0,"Atlanta, Fulton County, Georgia, United States",#SocialDistancing #BLACKLIVESMATTER ğŸ—£ğŸ—£ğŸ—£,False,,0,"Atlanta, Fulton County, Georgia, United States","(33.7489924, -84.3902644, 0.0)",0,0,0
"RT @Digital_zin: I've been watching @maximilian_ for over 7 years and this is the worst (best) laughing fit he's had at something, best $5â€¦",2021-02-15 19:00:45,1.3613900040778834e+18,QueenDrakon87,g1rldraco7,35570166.0,"PiÃ±on Hills, San Bernardino County, California, 92372, United States","Video Game Lover, Youtube Casual, Amiibo Huntress, Custom Amiibo Artist, Dragon Lady, Funko Pop Collector, Loves Spicy Food @Koari_DOOD is my Champion",False,,6,"PiÃ±on Hills, San Bernardino County, California, 92372, United States","(34.433331, -117.6467225, 0.0)",0,0,0
"Welcome to 2021! Get a lot of content with these bundles at 30 OFF!

Adventures from lvl 4 to 11 and dozens of encoâ€¦ https://t.co/xsB4NHCk0N",2021-02-15 19:00:48,1.361390016841347e+18,Christian Zeuch - CZRPGğŸ”œ The War Wagon (Tarondir),czeuch1,1.231250205204525e+18,Brasil,"ğŸ‡§ğŸ‡· Brazilian DMsGuild best-selling author, Father, cartographer and gamer (he/him). 

https://t.co/CnE9l4YPCU
https://t.co/JGnA0gEV24

#dnd #ttrpg #cartography #RPGLATAM",False,,1,Brasil,"(-10.3333333, -53.2, 0.0)",0,0,0
"@Jetpack_gg @Logitech I just got them so I haven't had a chance to really work with them yet!

This sounds to me liâ€¦ https://t.co/M2Lyi74afp",2021-02-15 19:00:56,1.361390051356205e+18,"Ms. Vanessa B!, Lv. 34 Openly Black ğŸ³ï¸â€ğŸŒˆ",pleasantlytwstd,9.563863489565696e+17,"The Wine Cellar, Larimer County, Colorado, United States","She/her. Chaotic Good. Charity driven, profanity fueled. Partnered with @Twitch/@BlueMicrophones/@ASTROgaming/@dryadtea. || @anykeyorg Affiliate || email pinned",False,,0,"The Wine Cellar, Larimer County, Colorado, United States","(40.4526547, -105.36958111938054, 0.0)",0,0,0
"Last time we stabbed a childhood friend.
Let's see what we will do today... in OMORI!
https://t.co/BXWy3rsfyd",2021-02-15 19:00:53,1.361390039234736e+18,Fragmantiq,Fragmantiq,8.057890053254881e+17,"ç¥å¥ˆå·, ç¬¬äºŒäº¬æµœ, ç¥å¥ˆå·åŒº, æ¨ªæµœå¸‚, ç¥å¥ˆå·çœŒ, 231-0017, æ—¥æœ¬","Hello. I draw. I listen to music. But we all kinda do that, don't we? You can donate over at my Ko-fi page! https://t.co/3U6oiB3CTu",False,,0,"ç¥å¥ˆå·, ç¬¬äºŒäº¬æµœ, ç¥å¥ˆå·åŒº, æ¨ªæµœå¸‚, ç¥å¥ˆå·çœŒ, 231-0017, æ—¥æœ¬","(35.4715259, 139.6275201, 0.0)",0,0,0
"RT @abasketballgod: Iâ€™ve never seen a fanbase hold onto a FIRST ROUND SERIES WIN for this long, itâ€™s becoming sad.",2021-02-15 19:00:51,1.3613900293235794e+18,BIG SCORPIOğŸ¦‚ğŸ¦‚,JuJuGetsLit,4426959980.0,"Oklahoma City, Oklahoma County, Oklahoma, United States",change the status quo be different be unique be special be YOU!!!!!,False,,909,"Oklahoma City, Oklahoma County, Oklahoma, United States","(35.4729886, -97.5170536, 0.0)",0,0,0
"@Jonathannewhere @prof_gabriele it's hilarious that you think friedersdorf's whine was about this one teenager, whoâ€¦ https://t.co/wGILyrrcHz",2021-02-15 19:00:40,1.3613899847213466e+18,Charles Louis Richter,richterscale,14299245.0,"Baltimore, Maryland, United States",Historian: of American religion and irreligion by training; of science and conspiracies by trade.,False,,0,"Baltimore, Maryland, United States","(39.2908816, -76.610759, 0.0)",0,0,0
RT @BreeNewsome: Film is actually an extremely powerful medium for advancing political goals if youâ€™re strategic about it &amp; use it for maxiâ€¦,2021-02-15 19:00:40,1.3613899845074412e+18,Likes&Retweets,folamisegun,2290205346.0,Nigeria,A tech-savvy thespian. Chelsea FC ğŸ’™. I follow actively so...,False,,64,Nigeria,"(9.6000359, 7.9999721, 0.0)",0,0,0
@Model3Owners I NEEEEEDDD IIIIIIITTT!!! ğŸ˜‚,2021-02-15 19:00:47,1.3613900128398254e+18,michael lewis,Cubiquidis,82006692.0,"California, United States","CSUSM Grad 
Application Developer 
Gamer 
#BLM  
https://t.co/G4XWhRjaTp",False,,0,"California, United States","(36.7014631, -118.755997, 0.0)",0,0,0
RT @gbby00: being a sleepy girl with a busy life is so hard,2021-02-15 19:00:52,1.3613900361351455e+18,K U W KğŸ¤,Kanishaaax,1.0595569377114767e+18,"London, Greater London, England, United Kingdom",ğŸ‡¯ğŸ‡²,False,,31876,"London, Greater London, England, United Kingdom","(51.5073219, -0.1276474, 0.0)",0,0,0
"Yes, it's long...but read it all.

I worked in HS. No summer camps, ivy or high undergrad, no expensive summer inteâ€¦ https://t.co/nRdCH76QmV",2021-02-15 19:00:50,1.3613900278555648e+18,Chris (they/them) ğŸ¦ˆğŸ³ï¸â€ğŸŒˆ,ElasmoFan5,7.831282127841772e+17,"North Carolina, United States","#Nonbinary they/them, may also use ""dude""

MS #MarineBiology | #Shark #fish #physiology #neurobiology | @500QueerSci: https://t.co/Jw01kvAHBm | pic: @BlackMudpuppy",False,,1,"North Carolina, United States","(35.6729639, -79.0392919, 0.0)",0,0,0
@YourAmakusa @corekitty46 @AEW @YouTube They would be TV ready if they were allowed to be on TV. They made a consciâ€¦ https://t.co/2Em0CqcS3B,2021-02-15 19:00:54,1.3613900427411497e+18,David P. Barker,TheDavidPBarker,129962161.0,"Indiana, United States","Storyteller and Educator. Avid reader. lover of games, my wife, good food, and a variety of things nerdy. Indiana will always be home.  Taxation is theft.",False,,0,"Indiana, United States","(40.3270127, -86.1746933, 0.0)",0,0,0
RT @DearSpecialk: sis is tired. sis needs a massage. sis needs a shopping spree. sis is me. i am sis.,2021-02-15 19:00:45,1.3613900063050875e+18,ğ˜¾ğ™¤ğ™¨ğ™¢ğ™ğ™˜ ğ™‚ğ™¡ğ™¤ğ™¬âœ´ï¸à¿“â˜¾ğ¤Ÿ,daesialynn7,1.3442603744265994e+18,"Shell, West Chalan Canton Tasi, Merizo, Merizo Municipality, Guam, 96916, United States",ğ™½ğš˜ğšŒğšğšğš›ğš—ğšŠğš•ğŸ¦‰ğŸŒ‘ à¼á´¡Êœá´€á´›'s ÊŸá´‡Ò“á´› á´Ò“ á´Ê ğ–ğ–†ğ–‘ğ–”'ğ–˜ Ê™ÊŸá´€á´„á´‹à¼,False,,45004,"Shell, West Chalan Canton Tasi, Merizo, Merizo Municipality, Guam, 96916, United States","(13.264554, 144.6737401, 0.0)",0,0,0
"@kingbdogz Short answer: Fight is boring.

Longer answer: Fight has no meaning. Nothing interesting happens duringâ€¦ https://t.co/N3i93MNDxC",2021-02-15 19:00:46,1.3613900121059738e+18,Rafii,Rafii2198,7.848142799040676e+17,Polska,"Playing games. Mostly @Minecraft.
Also I am Graphic Designer at @ValkillaModding!",False,,0,Polska,"(52.215933, 19.134422, 0.0)",0,0,0
RT @drpepperis100: This is what I genuinely think happens sometimes https://t.co/g3wyl9jQB6,2021-02-15 19:00:50,1.3613900290424545e+18,Snehanjana (she/her),SnehanjanaC,1.1657002746121257e+18,"Kolkata, Howrah, West Bengal, India",Plant Biologist | Mental Health Advocate| Intern at Teach for India| ğŸˆ lover| Looking for #PhD opportunities| #WomenInSTEM #DisableInSTEM,False,,33,"Kolkata, Howrah, West Bengal, India","(22.5414185, 88.35769124388872, 0.0)",0,0,0
@SteeIerNation @yinzhers @TotalSportsEnt Wow.. I am a HUGE fan!!!!! ğŸ˜€ğŸ˜€âœŒï¸âœŒï¸âœ…âœ…ğŸˆğŸˆğŸˆğŸˆğŸˆğŸˆ,2021-02-15 19:00:48,1.3613900182925558e+18,Ashton Hensley,Ashtonlee2333,2544190647.0,"Ashland, Boyd County, Kentucky, 41101, United States","HUGE KY WILDCATS FAN!!!,NASCAR,MLB,NBA &NFL..love my sports :)",False,,0,"Ashland, Boyd County, Kentucky, 41101, United States","(38.4784144, -82.6379387, 0.0)",0,0,0
@cjfaison Nooo I have to wait until tomorrow night as Iâ€™m in the UK ğŸ˜­,2021-02-15 19:00:55,1.3613900493471744e+18,ğ”¼ğ• â™¡,EmBlaaah,21214440.0,"Carmarthen, Carmarthenshire, Cymru / Wales, SA31 1RT, United Kingdom",English girl getting lost in Wales.,False,,0,"Carmarthen, Carmarthenshire, Cymru / Wales, SA31 1RT, United Kingdom","(51.8591257, -4.3115907, 0.0)",0,0,0
"RT @BhadeliaMD: Because it drops risk of hospitalization and deaths to near zero in trial. The choice isn't between vaccines right now, it'â€¦",2021-02-15 19:00:56,1.3613900512345088e+18,Sandy Alano,SandyKAlano,8.174888706861015e+17,"Apache Junction, Pinal County, Arizona, United States","Resistor, Vietnam era veteran USAF",False,,103,"Apache Junction, Pinal County, Arizona, United States","(33.4150485, -111.549577, 0.0)",0,0,0
"@Common_Sense_71 If these people come across the Cannel - ie from France, a safe country, then they are NOT asylumâ€¦ https://t.co/ixrZWpcid2",2021-02-15 19:00:49,1.361390021329232e+18,Don Munro,DonMunroUK,2952189827.0,"Norfolk, East of England, England, United Kingdom","Procrastinating, agnostic, dyslexic. Not sure if I believe in dog or not. Retired and rushing slowly.",False,,1,"Norfolk, East of England, England, United Kingdom","(52.666667, 1.0, 0.0)",0,0,0
RT @nellythamenace: I never wanna be w someone I have to ask to do romantic things for me,2021-02-15 19:00:54,1.3613900448341115e+18,ğŸ£,damommy_,612866161.0,"Detroit, Wayne County, Michigan, United States",,False,,23959,"Detroit, Wayne County, Michigan, United States","(42.3315509, -83.0466403, 0.0)",0,0,0
"RT @emmanuelb_s: When serena did this they were calling her aggressive and making caricatures of her, I better see the same energy",2021-02-15 19:00:48,1.3613900205784556e+18,The Eighth Noel,gisani_noel53,3190993435.0,"New York, United States",Here cause my Nana been prayin for me.,False,,29532,"New York, United States","(40.7127281, -74.0060152, 0.0)",0,0,0
"RT @FrommPaul: Remember a year ago when calls for banning travel from China, the source of the Wuhan Flu, were condemned by Theresa Tam &amp; tâ€¦",2021-02-15 19:00:56,1.3613900509829652e+18,Landon Good,LandonGood7,8.435442108632842e+17,"Hazzard Creek, Beaufort County, South Carolina, United States",Thoroughly Vetted by Grand Teutonic Instincts âš¡âœ ğŸ”¥,False,,1,"Hazzard Creek, Beaufort County, South Carolina, United States","(32.3931461, -80.8427619, 0.0)",0,0,0
A great little album that doesnâ€™t get recognised much. #thedreamingspires #brothersinbrooklyn https://t.co/FCmkJrbAF1,2021-02-15 19:00:55,1.361390049020031e+18,Paul Chew,EvertonChew,1.2055019180150538e+18,"Liverpool, North West England, England, United Kingdom","Everton fan, loves family, music and board games.",False,,0,"Liverpool, North West England, England, United Kingdom","(53.407154, -2.991665, 0.0)",0,0,0
Drinking a Banana Bread Beer by @theeaglebrewery @ Untappd at Home â€” https://t.co/NY91xRGvxH,2021-02-15 19:00:41,1.3613899890624102e+18,rachhh,arerutledge,1659965268.0,"New Jersey, United States",getting on with the getting on.,False,,0,"New Jersey, United States","(40.0757384, -74.4041622, 0.0)",0,0,0
"RT @womensart1: Photographer Kathrin Swoboda captured amazing images of a red wing blackbird's song, visible via the bird's breath in coldâ€¦",2021-02-15 19:00:50,1.3613900259345203e+18,specto avium,JakeMKing,522342036.0,"Bristol & Glos Gliding Club, B4066, King's Stanley, Nympsfield, Stroud, Gloucestershire, South West England, England, GL10 3, United Kingdom","On-going love affair with Mother Nature. The original 'Gugh-Man' is still making https://t.co/xwrtoIWqTi
Official UK list: 411
Unofficial: 422",False,,2412,"Bristol & Glos Gliding Club, B4066, King's Stanley, Nympsfield, Stroud, Gloucestershire, South West England, England, GL10 3, United Kingdom","(51.7153791, -2.2826804, 0.0)",0,0,0
Store-bought BBQ sauces and ketchup are some of the most refined sugar-laden foods in your homes. Make your own witâ€¦ https://t.co/NzTCDFOHRh,2021-02-15 19:00:46,1.3613900097026212e+18,Bhadra Patel,BhadraKPatel,18544875.0,"The Southern, East 5th Street, Skid Row, Downtown, Los Angeles, Los Angeles County, California, 90013, United States",[Internet marketing Consultant][Local marketing Consultant][Social Media Consultant][SEO Consultant][Real Estate Investor],False,,0,"The Southern, East 5th Street, Skid Row, Downtown, Los Angeles, Los Angeles County, California, 90013, United States","(34.044146350000005, -118.24466336743033, 0.0)",0,0,0
@SilverShenlong @FoxGGreen @jacobinmag I was thinking the same thing,2021-02-15 19:00:51,1.361390033207353e+18,bastiodon â˜­marxismoâ˜­,realSeaBastion,9.494210032553984e+17,"Beaverton, Metro, Northeast Hillsboro Industrial District, Oregon, United States",hegelian marxism/zizekism/acidmarxism I was destroyed by facts and logic AMA he/him,False,,0,"Beaverton, Metro, Northeast Hillsboro Industrial District, Oregon, United States","(45.4871723, -122.80378, 0.0)",0,0,0
@ShwattyBae You are beautiful to need a man,2021-02-15 19:00:40,1.3613899833456108e+18,Oluwafemi MuSa,oluwafemi_musa,1.3533912018782085e+18,"Lagos, Lagos Island, 100242, Nigeria",Simple and humble,False,,0,"Lagos, Lagos Island, 100242, Nigeria","(6.4550575, 3.3941795, 0.0)",0,0,0
We agree with our partners @visitchatt. Help keep #Chattanooga open for business. Wear a mask and stay safe. https://t.co/UxOZEmhcLI,2021-02-15 19:00:54,1.361390041919066e+18,Chattanooga Chamber,CHAchamber,143511942.0,"Chattanooga, Hamilton County, Tennessee, United States","We are more than 2,000 businesses, promoting economic growth throughout the region. #CHAChamberDiscounts",False,,0,"Chattanooga, Hamilton County, Tennessee, United States","(35.0457219, -85.3094883, 0.0)",0,0,0
"RT @MavsPR: Luka DonÄiÄ‡ has totaled 186 points in his last 5 games, which are the most by any Maverick in a 5-game span in franchise historâ€¦",2021-02-15 19:00:46,1.3613900100968817e+18,The Kobe Beef,TheKobeBeef,121262068.0,"Dallas, Dallas County, Texas, United States","I'm Doyle and I cover the Dallas Mavericks. Current: @ForbesSports, @mavsmoneyball | Previous: @WFAASports, @Central_Track",False,,11,"Dallas, Dallas County, Texas, United States","(32.7762719, -96.7968559, 0.0)",0,0,0
@cuddlinyoung @pyeonghong Do I see this shit right https://t.co/iuzRkz0Qbx,2021-02-15 19:00:40,1.3613899854805156e+18,naya ğŸ§ƒğŸ”— ALSD,whtvryoongi,1.089931150708097e+18,"é’è¡£å·²å©šè­¦å¯Ÿå®¿èˆ Tsing Yi Police Married Quarters, æ¶Œç¾è€å±‹æ‘ Chung Mei Lo Uk Tsuen, é’è¡£ Tsing Yi, è‘µé’å€ Kwai Tsing District, æ–°ç•Œ New Territories, é¦™æ¸¯ Hong Kong, ä¸­å›½",opre roma | she/her | #GOT7 #NCT #BTS #MONSTAX #VICTON | 21,False,,0,"é’è¡£å·²å©šè­¦å¯Ÿå®¿èˆ Tsing Yi Police Married Quarters, æ¶Œç¾è€å±‹æ‘ Chung Mei Lo Uk Tsuen, é’è¡£ Tsing Yi, è‘µé’å€ Kwai Tsing District, æ–°ç•Œ New Territories, é¦™æ¸¯ Hong Kong, ä¸­å›½","(22.3516678, 114.10717546371811, 0.0)",1,0,0
"I feel nice is nothing in my way,",2021-02-15 19:00:48,1.3613900171852636e+18,âŒ–,yinunne,412291537.0,"Vitoria-Gasteiz, Gasteizko kuadrilla/Cuadrilla de Vitoria, Araba/Ãlava, Euskadi, EspaÃ±a","ğ“„¼ Ù« SorginÎ± ekÎ±itzÎ±ri Î±urre egiteko ez hormÎ±rik erÎ±iki Ù¬ğ“„¹
                                     
ğŸº   â˜½                          âœ¦âœ¦  âœ§
                      ğ“†ˆ",False,,0,"Vitoria-Gasteiz, Gasteizko kuadrilla/Cuadrilla de Vitoria, Araba/Ãlava, Euskadi, EspaÃ±a","(42.8465088, -2.6724025, 0.0)",0,0,0
"@PoisonedStalked @DangerousPlayg3 The Keepers is about child sex abuse at a Catholic school in Baltimore, but the dâ€¦ https://t.co/1qiTHmfKLO",2021-02-15 19:00:45,1.3613900054831104e+18,Angie Underwood,AngieUn27401972,1.0509677043650888e+18,"Maryland, United States",Survivor mom standing up against both an abusive ex and family court corruption.   #thecourtsaid #GoodbyeAFCC #JusticeforNashHolt,False,,0,"Maryland, United States","(39.5162234, -76.9382069, 0.0)",0,0,0
"@kaurwithfarmers - first Impression:billimachli girl/boyğŸ¤”
- your nickname in my head:Kaur
- do I like you:Yes(afterâ€¦ https://t.co/NfUajXDsFU",2021-02-15 19:00:50,1.361390025145946e+18,Mr.Z aka AkashğŸ˜,Shakal_Pe_MatJa,1.085906966441005e+18,"Mumbai, Mumbai Suburban, Maharashtra, India",â€œI never prove to be good enoughâ€¦ For every oneâ€¦! But Iâ€™m the best for them who understand meğŸ˜Š,False,,1,"Mumbai, Mumbai Suburban, Maharashtra, India","(19.0759899, 72.8773928, 0.0)",0,0,0
"RT @blueelephantl: colala wips complete 98%, but its night late, i going to sleep, goodnight...ğŸ˜´ https://t.co/CLwA1LggA4",2021-02-15 19:00:51,1.361390032683225e+18,Andrew Ambrose,alteredcuber134,8.69712456029012e+17,"New Jersey, United States",2004. Bi. ADHD. Atheist. YTPer. Retro gamer. Jackie Chan fan. A bit of a furry. Best friend is @ccoibiTamamaOwO. #ActuallyAutistic #BlackLivesMatter #stopDMCA,False,,1,"New Jersey, United States","(40.0757384, -74.4041622, 0.0)",0,0,0
RT @jonlovett: Dumb prescriptivism in all things! â€œSoâ€ may be overused but it absolutely has meaning. Itâ€™s like a little outstretched wordâ€¦,2021-02-15 19:00:48,1.361390018971898e+18,531 U.S. 98 (2000),4States4DC,1.3199969272917402e+18,"Maryland, United States",Being mean to journalists is worse than Nazi bullying according to Twitter guidelines. Formerly bay of AZ,False,,19,"Maryland, United States","(39.5162234, -76.9382069, 0.0)",0,0,0
@turtagliaa but i can download cute themes so it all works out ig....ğŸ˜­,2021-02-15 19:00:52,1.3613900352165317e+18,DIONA SUPREMACY!!!!,mithomee,1.358261725276103e+18,"Tiger Tiger 1, Nguyá»…n PhÃºc Chu, An Há»™i, Minh An, ThÃ nh phá»‘ Há»™i An, Tá»‰nh Quáº£ng Nam, 0510, Viá»‡t Nam",â† #genshintwt â† minor â† ar28 american server â† please read carrd byf!! thanks :) â†,False,,0,"Tiger Tiger 1, Nguyá»…n PhÃºc Chu, An Há»™i, Minh An, ThÃ nh phá»‘ Há»™i An, Tá»‰nh Quáº£ng Nam, 0510, Viá»‡t Nam","(15.8760809, 108.3241257, 0.0)",0,0,0
West Ham finally got a penalty,2021-02-15 19:00:50,1.3613900267063337e+18,In The Bleak Midwinter,TheMuunah,1123349857.0,"i Sane, Bedonia, Parma, Emilia-Romagna, Italia",My thoughts can be deceiving if they get a warm welcome. Spaghetti Connoisseur. Long-suffering Manchester United fan,False,,0,"i Sane, Bedonia, Parma, Emilia-Romagna, Italia","(44.5735046, 9.6121688, 0.0)",0,0,0
@atlasinhissleep youre right... Tho i just remember castiel being a misogynist now Bahsgdbdg,2021-02-15 19:00:55,1.3613900464782377e+18,Dante's semi-topical climate,andromedan_,1.290671969596248e+18,"Le Xe, Marainviller, LunÃ©ville, Meurthe-et-Moselle, Grand Est, France mÃ©tropolitaine, 54300, France","â˜† I've never stared directly into evil's eyes I'm
Way too scared I'll see something I recognize  â˜†",False,,0,"Le Xe, Marainviller, LunÃ©ville, Meurthe-et-Moselle, Grand Est, France mÃ©tropolitaine, 54300, France","(48.5869768, 6.603502, 0.0)",0,0,0
"RT @WayneH__: If I had an opportunity to leave SA for a better life abroad, I would. I wouldn't even look back.",2021-02-15 19:00:43,1.3613899963395727e+18,thato,ironSabb,714000588.0,"æ¸š, å®‰åœŸç”º3ä¸ç›®, ä¸­å¤®åŒº, å¤§é˜ªå¸‚, å¤§é˜ªåºœ, 541-0048, æ—¥æœ¬",jhb â€¢ cfc â€¢ chilled,False,,1011,"æ¸š, å®‰åœŸç”º3ä¸ç›®, ä¸­å¤®åŒº, å¤§é˜ªå¸‚, å¤§é˜ªåºœ, 541-0048, æ—¥æœ¬","(34.684964, 135.5008872, 0.0)",0,0,0
"RT @TeamFactory_GBB: We are less than a week away for Team Factory Youth Tryoutsâ—ï¸Donâ€™t miss the opportunity to join us this seasonâ—ï¸

ğŸ€ Cuâ€¦",2021-02-15 19:00:43,1.3613899973923512e+18,Bellevue East Girls Basketball,BellevueEastGBB,1.145756068137644e+18,"Bellevue, Sarpy County, Nebraska, United States",Official Twitter for Bellevue East Chieftains GBB @ChieftainNation,False,,9,"Bellevue, Sarpy County, Nebraska, United States","(41.1434547, -95.9124686, 0.0)",0,0,0
@_BirthByFire @thedemonicalien @mr_racic One day on this one - they've done a few other too.,2021-02-15 19:00:53,1.3613900415415337e+18,"Tim Ellis, Resident-Elect ğŸŒ¹",DJDynamicNC,34196648.0,"Toronto, Golden Horseshoe, Ontario, Canada","He/him. Fighter, writer, work-all-nighter. #basicincome. Ace. #yyz. @Leadnowca organizer. #Rave DJ - join me https://t.co/2Jsbqdq5ft every Friday, 7pm EST",False,"Toronto, Ontario",0,"Toronto, Golden Horseshoe, Ontario, Canada","(43.6534817, -79.3839347, 0.0)",0,0,0
Iâ€™m more familiar ones so.,2021-02-15 19:00:56,1.3613900505719316e+18,Beka Miller,BekaXDBot,1.2397495343156756e+18,"Dayton, Montgomery County, Ohio, United States",Digital media specialist and XD grad student,False,,0,"Dayton, Montgomery County, Ohio, United States","(39.7589478, -84.1916069, 0.0)",0,0,0
"@MBroithe @cvaldary Interest groups are formed and advocated for, for various reasons.  There are many forms of advâ€¦ https://t.co/CWcNMsoCHL",2021-02-15 19:00:50,1.3613900261820334e+18,McConnellâ€™s neck flap,TedTalked,411884493.0,"Salzburg, 5020, Ã–sterreich",real power is provision. the rest is narrative and persuasion.,False,,0,"Salzburg, 5020, Ã–sterreich","(47.7981346, 13.0464806, 0.0)",0,0,0
RT @Devdutta96: Please please please take your cyber security seriously even if you donâ€™t consider yourself a high risk person. Here are aâ€¦,2021-02-15 19:00:47,1.361390012714029e+18,Nirav Shah,nirav_js,1867041884.0,India,"Always love Design, Fashion, Economics, Psychology.
Part time investor.",False,,3629,India,"(22.3511148, 78.6677428, 0.0)",0,0,0
@nottco @NewWaveAndPunk Saw him with Wilko Johnson as support on the Frantic Four reunion.....one of the best support acts I've seen ğŸ‘Œ,2021-02-15 19:00:46,1.3613900098913649e+18,Richard Banks,Richard39285966,1.1167759990086492e+18,"South East, England, United Kingdom",Husband Dad Grandad Quofan ManCity fan Filmfan Occasional Idiot,False,,0,"South East, England, United Kingdom","(51.451019099999996, -0.9934914404975159, 0.0)",0,0,0
@400Freeze No D: but Iâ€™m installing apex cos nova peer pressured me so mayb we play that sometimes,2021-02-15 19:00:47,1.3613900132300472e+18,clop,_schlorp_,1.0613275001507512e+18,"Him, Konshisha, Benue, Nigeria",minor m/w-@Grayhmm_ow. priv-@schlorp24 banner by- @AmFishh,False,,0,"Him, Konshisha, Benue, Nigeria","(7.016667, 8.866667, 0.0)",0,0,0
"2: What something is worth, how things work practically
Strength rx: brute force.
Solar Eclipse - Revolution: crisiâ€¦ https://t.co/euYRakiH8x",2021-02-15 19:00:43,1.361389998822609e+18,Î±Ğ¸gÑ”â„“Î¹Î±,amusingassclown,1.3588037199204884e+18,"Finger Lakes, Newnham, Bedford, East of England, England, United Kingdom",shitposting shitlib ğŸ¤¡ starting over again cuz I told Jason Miller deadbeat dads should be ca-stra-ted ğŸŒŠ i follow back ğŸš¨NO DMsğŸš¨,False,,0,"Finger Lakes, Newnham, Bedford, East of England, England, United Kingdom","(52.1311412, -0.42861936831971237, 0.0)",0,0,0
"RT @KealiaOhai: What a wild year, my love. I wish I could relive this day over and over. It was truly perfect. I am so grateful to have youâ€¦",2021-02-15 19:00:53,1.3613900411137556e+18,tatjanağŸ¦‹ğŸ¦‹,Tatigamm,4560033194.0,"Oak Ridge North, Montgomery County, Texas, United States",@WEblackops 19-21//SHS varsity cheer captain// 4x NCA champ// 2x summit champ,False,,64,"Oak Ridge North, Montgomery County, Texas, United States","(30.1602158, -95.4443834, 0.0)",0,0,0
RT @DeaconBlues0: Am I the only person on the planet who has never seen a single episode of The Bachelor?,2021-02-15 19:00:50,1.3613900283419607e+18,Don Green,donmgreen,3074664830.0,"Ù¾Ù†Ùˆ, Ø¯Ù‡Ø³ØªØ§Ù† Ø³Ø±Ú¯Ù„, Ø¨Ø®Ø´ Ú©ÙˆÙ‡Ø³Ø§Ø±Ø§Øª, Ø´Ù‡Ø±Ø³ØªØ§Ù† Ù…ÛŒÙ†ÙˆØ¯Ø´Øª, Ø§Ø³ØªØ§Ù† Ú¯Ù„Ø³ØªØ§Ù†, Ø§ÛŒØ±Ø§Ù†","Retweets, Follows NOT endorsements!",False,,77,"Ù¾Ù†Ùˆ, Ø¯Ù‡Ø³ØªØ§Ù† Ø³Ø±Ú¯Ù„, Ø¨Ø®Ø´ Ú©ÙˆÙ‡Ø³Ø§Ø±Ø§Øª, Ø´Ù‡Ø±Ø³ØªØ§Ù† Ù…ÛŒÙ†ÙˆØ¯Ø´Øª, Ø§Ø³ØªØ§Ù† Ú¯Ù„Ø³ØªØ§Ù†, Ø§ÛŒØ±Ø§Ù†","(37.2045466, 55.7052545, 0.0)",0,0,0
RT @28LWTANGEL: hi i made some headers feel free to use :)) https://t.co/kHkjzn405z,2021-02-15 19:00:46,1.3613900093292257e+18,KellyğŸ¤â—ŸÌ½â—Ì½ STREAM HBW,carolinastylxs,8.427908372347617e+17,"Arizona, United States","#LOUIS -Neutral// Donâ€™t worry about it, everythingâ€™s gonna be fine â¤ï¸she/herğŸŒˆ",False,,14,"Arizona, United States","(34.395342, -111.763275, 0.0)",0,0,0
RT @Louis_Tomlinson: I've been doing a lot of thinking about my next record. It's going to be special!,2021-02-15 19:00:46,1.3613900102898196e+18,Flora | LHH IS THE LOVE OF MY LIFE,larysdaughteraf,1.2656188793442673e+18,"One Direction, 96, Commercial Road, St. George in the East, Whitechapel, London Borough of Tower Hamlets, London, Greater London, England, E1 1NL, United Kingdom",#LOUIS:OH FOR FOOK SAKE NIALL. || she/her ||14||Larrie :) â€”â€”-taylorâœ¨ ankles and awkwardnessâœ¨,False,,72809,"One Direction, 96, Commercial Road, St. George in the East, Whitechapel, London Borough of Tower Hamlets, London, Greater London, England, E1 1NL, United Kingdom","(51.51465935, -0.0650724745554765, 0.0)",0,0,0
Iâ€™ll never forget when oomf tried coming for my baby MYKE for saying the N word...... I-.....,2021-02-15 19:00:52,1.3613900350276936e+18,karinağŸ¦‹,veteputa,1.225251209038033e+18,"Better Than Her, 5640, Spring Garden Road, Downtown Halifax, Halifax, Halifax Regional Municipality, Halifax County, Nova Scotia, B3J 1G1, Canada",in a love triangle with @sanbenito & @myketowerspr ğŸ¥°,False,,0,"Better Than Her, 5640, Spring Garden Road, Downtown Halifax, Halifax, Halifax Regional Municipality, Halifax County, Nova Scotia, B3J 1G1, Canada","(44.6425012, -63.5781491, 0.0)",0,0,0
In #GalaxyS21 ultra you will experience a Quad camera which includes two 10MP telephoto shooters and 12MP ultra-widâ€¦ https://t.co/nkRbfuf6nl,2021-02-15 19:00:49,1.3613900244749025e+18,Abdul Latif Mahar,MaharSaab88,1.1106118556497674e+18,"Ú©Ø±Ø§Ú†ÛŒ, Ø³Ù†ÚŒ, Ø¢Ø²Ø§Ø¯ Ú©Ø´Ù…ÛŒØ±","|Sustainability & Compliance officer ğŸŒ± by profession|
Don't be the same, Be better....",False,,0,"Ú©Ø±Ø§Ú†ÛŒ, Ø³Ù†ÚŒ, Ø¢Ø²Ø§Ø¯ Ú©Ø´Ù…ÛŒØ±","(24.8667795, 67.0311286, 0.0)",0,0,0
"@RajiDraj Sir, it's worrisome and needs to be curtailed effectively if it's for public enlightenment. A lot of misiâ€¦ https://t.co/l3bvDmFkWG",2021-02-15 19:00:44,1.361390000118657e+18,Socius = friend,Crown1Crown,1374324006.0,"Ibadan, Ibadan South West, Oyo, 234102, Nigeria","LFC Fan and a crusader of self discipline.
Believer of God and his teachings",False,,0,"Ibadan, Ibadan South West, Oyo, 234102, Nigeria","(7.3777462, 3.8972497, 0.0)",0,0,0
@Latino_69_heat Iâ€™m still going for the BOGOSğŸ˜‚,2021-02-15 19:00:50,1.3613900266266583e+18,LOU ğŸ‡¬ğŸ‡¹,FlacoLou,2789034369.0,"MIAM, 2750, Northwest 3rd Avenue, Wynwood, Miami, Miami-Dade County, Florida, 33127, United States",Take your pain and make champagne with it,False,,0,"MIAM, 2750, Northwest 3rd Avenue, Wynwood, Miami, Miami-Dade County, Florida, 33127, United States","(25.8027174, -80.201323, 0.0)",0,0,0
@Stess1369 @WELCOMETOHELEN1 O.m.g. Hilarious,2021-02-15 19:00:52,1.3613900359589806e+18,@CaptT.S.UğŸï¸,Mattjk15,1.2484177676042609e+18,"Long Island, New York, United States",I am the Captain of tearing shit up!!!,False,,0,"Long Island, New York, United States","(40.85149705, -73.0994258107431, 0.0)",0,0,0
"RT @d1gitaIfairy: to everyone who treated me poorly, i am sexier than you.",2021-02-15 19:00:42,1.3613899924220928e+18,alexa,ahlehxah,101103719.0,"BOND NO. 9 NYC, 112, Northeast 41st Street, Buena Vista, Miami, Miami-Dade County, Florida, 33137, United States",desÃ©ame lo mejor | she/her,False,,63950,"BOND NO. 9 NYC, 112, Northeast 41st Street, Buena Vista, Miami, Miami-Dade County, Florida, 33137, United States","(25.8140246, -80.1928599, 0.0)",0,0,0
"AESA is hosting Amanda McRaven, Career and Orientation Coordinator at WIU. It is a unique opportunity for the studeâ€¦ https://t.co/5uSHS8ftyS",2021-02-15 19:00:51,1.361390032687358e+18,WIU AFED,WIUafed,1.31572262184627e+18,"Macomb, McDonough County, Illinois, 61455, United States","Western Illinois University - School of Accounting, Finance, Economics, and Decision Science",False,,0,"Macomb, McDonough County, Illinois, 61455, United States","(40.4588934, -90.6713939, 0.0)",0,0,0
"RT @OfficialMLK3: As an Afro-Mexican, Guerrero faced racial discrimination &amp; injustice but rose above to provide a voice &amp; a vision for freâ€¦",2021-02-15 19:00:49,1.3613900243952108e+18,Rocio Gonzalez,PielCanela728,555395202.0,"Leigh Valley, Ratoath, The Municipal District of Ratoath, County Meath, Leinster, Ã‰ire / Ireland","Autistic | Native New Yorker | Woman | Mixed Heritageâ€”
Mom: Mexican (Mestiza) | Dad: Puerto Rican, Italian + Native American and Dutch.



Friendly ğŸ˜Š",False,,634,"Leigh Valley, Ratoath, The Municipal District of Ratoath, County Meath, Leinster, Ã‰ire / Ireland","(53.51288015, -6.461442463769025, 0.0)",0,0,0
"RT @kabeerbackup: Tweet for Remand Brothers

We fought a lot from haters

We learn from each other's to take stand for right..to take standâ€¦",2021-02-15 19:00:48,1.361390020335047e+18,Pranoy Dev,Pranoydev12234,1.053658247515693e+18,"Toilet (Out Of Order), Track (Private - Scouts allowed to reach Tawd Vale), Newburgh, West Lancashire, Lancashire, North West England, England, WN8 7UA, United Kingdom","Sidharth shukla #TeamSidharthShukla  ğ•½ğ–Šğ–’ğ–“ğ–†ğ–“ğ–‰ ğ•²ğ–†ğ–“ğ–Œ
#Sidhearts #RemandRoom",False,,72,"Toilet (Out Of Order), Track (Private - Scouts allowed to reach Tawd Vale), Newburgh, West Lancashire, Lancashire, North West England, England, WN8 7UA, United Kingdom","(53.5808025, -2.7995870004779273, 0.0)",0,0,0
RT @johnmyers: 100% false and such a dangerous assertion to make. Thereâ€™s plenty to discuss about how best to do signature verification andâ€¦,2021-02-15 19:00:51,1.361390032909648e+18,Ernest A. Canning,cann4ing,277170859.0,"Thousand Oaks, Ventura County, California, United States","Retired attorney, member of CA state bar since 1977. Undergraduate & graduate degrees in political science as well as juris doctor.  Author. Vietnam Vet.",False,,79,"Thousand Oaks, Ventura County, California, United States","(34.17142715, -118.91058772974445, 0.0)",0,0,0
"RT @durhamcathedral: Wednesdays in Lent: The River Through the Desert, a series of video resources for Lent, courtesy of @sgcjerusalem 

Frâ€¦",2021-02-15 19:00:49,1.361390024244269e+18,Richard Sewell,sgcjerusalem,234246211.0,"×™×¨×•×©×œ×™×, × ×¤×ª ×™×¨×•×©×œ×™×, ××—×•×– ×™×¨×•×©×œ×™×, ×™×©×¨××œ","Dean of St Georgeâ€™s College, Jerusalem. Also husband, father and sports lover and life long Weller fan",False,,1,"×™×¨×•×©×œ×™×, × ×¤×ª ×™×¨×•×©×œ×™×, ××—×•×– ×™×¨×•×©×œ×™×, ×™×©×¨××œ","(31.79592425, 35.21198075969497, 0.0)",0,0,0
"@trillasexual When I get scared I lash out as a reflex and when Lisa (the ghost) jumped out at me, I automaticallyâ€¦ https://t.co/1I0EGDcSwp",2021-02-15 19:00:44,1.3613900015153605e+18,Alchemilla ğŸ”,vitavillis,1.0698242225606902e+18,"Virginia, United States","He/Him, 23. Bisexual, trans, & autistic. Interests are Resident Evil, Silent Hill, Star Wars, & Hannibal. MINORS DNI.",False,,0,"Virginia, United States","(37.1232245, -78.4927721, 0.0)",0,0,0
"@osuolale_farouq Brilliant. I love the conception.
I however feel the 8 is perfectly shaped. If it could be worked on",2021-02-15 19:00:48,1.3613900172314092e+18,iZyk.,im_iZyk,342073419.0,"Kumasi, Ashanti Region, M9VH+94, Ghana",#Christian â€¢ #RN  #Cathlab #Nurse â€¢ Graphic #Designer â€¢ #Creative â€¢ Co-founder @NiteWord â€¢ #Photographer @ https://t.co/aPhRscnN2R â€¢ #Art â€¢ #BeatNCDs ğŸ‡¬ğŸ‡­ #iZyk.,False,,0,"Kumasi, Ashanti Region, M9VH+94, Ghana","(6.698081, -1.6230404, 0.0)",0,0,0
RT @penguincosplay1: The work is in the detail. Sometimes its a pain in the ass to get just the way I want.. so we make it work sometimes bâ€¦,2021-02-15 19:00:54,1.3613900426992148e+18,Atlanta Royal Family,ATLRoyalFamily,1.0921051137187185e+18,"Atlanta, Fulton County, Georgia, United States",@ATLReign & @ATLFaZe official support group & ATL Esports events coordinator | ğŸ‘• Merch 1: https://t.co/3k8LO5hQTv | ğŸ§¢ Merch 2: https://t.co/MLgO2fLgiR | ğŸ–Œï¸ Logos: @IAmCurlyFry,False,,1,"Atlanta, Fulton County, Georgia, United States","(33.7489924, -84.3902644, 0.0)",0,0,0
nice rymes philip.. but i FUCKED UR MOM .... try to beat that pussy,2021-02-15 19:00:41,1.3613899908280689e+18,alexander hamilton,alexs_ebooks,4288524561.0,"The Other Side, Thunder Bay, Thunder Bay District, Northwestern Ontario, Ontario, P7A 6J6, Canada",im not throwing away my shot (original),False,,1,"The Other Side, Thunder Bay, Thunder Bay District, Northwestern Ontario, Ontario, P7A 6J6, Canada","(48.476145, -89.210605, 0.0)",1,1,0
"RT @ahiddensociety: Valentineâ€™s Giveaway ğŸ’

Got friend-zoned today? ğŸ˜”  
Donâ€™t worry, hereâ€™s a giveaway youâ€™ll love! ğŸ’Œ

@ahiddensociety Keyâ€¦",2021-02-15 19:00:45,1.3613900079451054e+18,Zheyu Li,zheyuli3,1.1122250876864922e+18,"California, United States",,False,,5082,"California, United States","(36.7014631, -118.755997, 0.0)",0,0,0
"RT @DevinCow: May I please get 2 followers to copy and re-post this tweet? I'm trying to demonstrate that someone is always listening.

#Suâ€¦",2021-02-15 19:00:53,1.3613900399477637e+18,Marvin Pflaum,Mp5z1,2227638392.0,"Stow, Summit County, Ohio, United States","Retired, letter writer, photographer, cyclist, database pro, liberal and proud of it",False,,275,"Stow, Summit County, Ohio, United States","(41.1596261, -81.4406258, 0.0)",0,0,0
"RT @AngeloFalls: Can y'all do me a favor and go give some monies to Cher! ğŸ‘ï¸ğŸ‘„ğŸ‘ï¸

Support some black animators today! https://t.co/XnjgMQbZG6",2021-02-15 19:00:53,1.3613900395073618e+18,Angelo C. | Looking for board work,AngeloFalls,2346106721.0,"New York, United States","20 / Biracial ğŸ‡©ğŸ‡´  | ğŸ³ï¸â€ğŸŒˆğŸ³ï¸â€âš§ï¸ | He/Him | Storyboard Artist â€¢ Cartoonist || SFW (14+)
â€¢ DO NOT REPOST MY WORK â€¢",False,,24,"New York, United States","(40.7127281, -74.0060152, 0.0)",0,0,0
i wanna make a roblox game so bad but i have no ideas and cannot script https://t.co/Hkg7rdgk1Q,2021-02-15 19:00:53,1.3613900391550198e+18,LEONIDAS âœ¨,kyomakus,8.815604385127752e+17,"Kentucky, United States","âº.â˜† leo | 19 | agender | he/they | nblm â˜†.âº
i am extremely into roblox

âœ¨ğŸ’ğŸ’™@jameeishğŸ’™ğŸ’âœ¨",False,,0,"Kentucky, United States","(37.5726028, -85.1551411, 0.0)",0,0,0
RT @BraveBrandon440: Society as a whole would be stagnated until Nintendo finally decides to do a spin-off game with these two. https://t.câ€¦,2021-02-15 19:00:50,1.3613900290508882e+18,ğŸ¶ Camwoodstock ğŸŒº,Camwoodstock,365796567.0,"La Noue, Ã‰pernay, Marne, Grand Est, France mÃ©tropolitaine, 51310, France",ğŸŒº Genderfluid / 19 / Her/Him / Aspergers / HUGE dork / 132nd Skywatcher / Osamu Sato Superfan / Game Collector / Pally o Malt / Furry / TERFS eat mud ğŸŒº,False,,65,"La Noue, Ã‰pernay, Marne, Grand Est, France mÃ©tropolitaine, 51310, France","(48.742849, 3.6108789, 0.0)",0,0,0
So Clement Attlee was the person who authorised the bombing of Dresden on behalf of his soviet masters. Re-readingâ€¦ https://t.co/OzSYD4sUuN,2021-02-15 19:00:50,1.361390029101269e+18,GL Forex ( Purpleline ),greatlakesforex,212331742.0,"London, Greater London, England, United Kingdom",Bringing awareness and technology to an increasingly intricate Forex market. Clarity. Depth. Liquidity.,False,,0,"London, Greater London, England, United Kingdom","(51.5073219, -0.1276474, 0.0)",0,0,0
"Do you know a #kindergarten student who loves earth science? ğŸŒğŸŒ±

Check out this project by @prektoolkit where you câ€¦ https://t.co/6GDzSs7Lws",2021-02-15 19:00:44,1.3613900010749542e+18,National STEM Honor Society,NSTEMHS,9.485927568842342e+17,"Gloucester, Essex County, Massachusetts, United States","Inspiring innovation and recognizing student excellence from K to Career in the fields of Science, Technology, Engineering, and Mathematics.",False,,0,"Gloucester, Essex County, Massachusetts, United States","(42.6159286, -70.6619888, 0.0)",0,0,0
@bfishbfish @WaifusTrash What is a real New Yorker lol what are the qualifications,2021-02-15 19:00:44,1.361390003394388e+18,Pancho De la X,PanchoX46776252,1.197361877400965e+18,"Los Angeles, Los Angeles County, California, United States",#RAIDERNATION #LOSDOYERS #LAKESHOW #MAMBAMENTALITY #JUSTWINBABY #GAMINGISLIFE #XBOX #FEELTHEPOWEROFTHEDARKSIDE #STARWARSNERD,False,,0,"Los Angeles, Los Angeles County, California, United States","(34.0536909, -118.242766, 0.0)",0,0,0
"RT @value_defi: In order to gain mass adoption, users need to learn jargons such as flash loans, yield farming, staking, liquidity pools, vâ€¦",2021-02-15 19:00:40,1.3613899858915e+18,Joyce Fong,JoyceFong0719,4894124347.0,"Toronto, Golden Horseshoe, Ontario, Canada",,False,,11,"Toronto, Golden Horseshoe, Ontario, Canada","(43.6534817, -79.3839347, 0.0)",0,0,0
RT @kamo_marven: DJ Maphorisa and Kabza da small survived assassination attempt ğŸ˜³ South Africa is a crime scene,2021-02-15 19:00:42,1.3613899934286725e+18,bosslady!,mjthebabe,1.0565238397929103e+18,"Pretoria, City of Tshwane Metropolitan Municipality, Gauteng, 0126, South Africa",,False,,20,"Pretoria, City of Tshwane Metropolitan Municipality, Gauteng, 0126, South Africa","(-25.7459374, 28.1879444, 0.0)",0,0,0
@Milkdonna @IndieWire I donâ€™t really care. This isnâ€™t an argument for my preference. I like the show but I can seeâ€¦ https://t.co/STQMaKXSs8,2021-02-15 19:00:50,1.361390026630783e+18,â™¥ Season â™¥ ğŸ§¢,SeasonneRose,25502707.0,"Chicago, Cook County, Illinois, United States",Me IG: SeasonneRose,False,"Oak Park, IL",0,"Chicago, Cook County, Illinois, United States","(41.8755616, -87.6244212, 0.0)",0,0,0
"@NolteNC Sorry donâ€™t use Wikipedia as a source. Iâ€™m an adult. Not a elementary school child.
Actually looking at Naâ€¦ https://t.co/ibzYPfmsbo",2021-02-15 19:00:53,1.3613900411094344e+18,P.JockyğŸ³ï¸â€ğŸŒˆğŸ´â€â˜ ï¸,PJocky82,26613127.0,"Los Angeles, Los Angeles County, California, United States","CSULA Grad. Political Science & minor in Public Policy. ""Patriotism means to stand by the country, not the president."" - Teddy Roosevelt (I have nerd hobbies.)",False,,1,"Los Angeles, Los Angeles County, California, United States","(34.0536909, -118.242766, 0.0)",0,0,0
@Lysastrata @chalkypj The tweet you're responding to is directed at the people tweeting that I'm ignoring everythinâ€¦ https://t.co/MsLhZiBtr3,2021-02-15 19:00:48,1.3613900180073636e+18,Mrs. Darsy is writing,darsynia,12847202.0,"Pittsburgh, Allegheny County, Pennsylvania, United States","Writer, yarn ball, Mama. Aspiring YA fantasy novelist. Married to @treellama #BLM #WritingCommunity Trans rights are human rights. She/Her/Yinz",False,,0,"Pittsburgh, Allegheny County, Pennsylvania, United States","(40.4416941, -79.9900861, 0.0)",0,0,0
8 Squad Rebel Radio - Daddy O Drop,2021-02-15 19:00:41,1.3613899885088072e+18,8 Squad Rebel Radio,8squadrebel,1894827726.0,"877, Broad Street, Teachers Village, Newark, Essex County, New Jersey, 07102, United States","Powered by All City Media
8 Squad Rebel radio an On Line Radio Station & Podcast in Association with Violators Unlimited Broadcasting out of Newark NJ",False,,0,"877, Broad Street, Teachers Village, Newark, Essex County, New Jersey, 07102, United States","(40.73305575, -74.17370016666666, 0.0)",0,0,0
"RT @SuzanneEvans1: Vaccine or no vaccine, the data I'm looking at right now from the ZOE study says there are only 676 people in my countyâ€¦",2021-02-15 19:00:55,1.3613900477156147e+18,Data-Driven,Data__Driven,1.2053923606219694e+18,United Kingdom,"Clinical Strategist, Global Medical AffairsğŸ¤“ğŸ‘©ğŸ» #FollowTheScience â€œThe important thing is not to stop questioning. Curiosity has its own reason for existing.â€",False,,91,United Kingdom,"(54.7023545, -3.2765753, 0.0)",0,0,0
"RT @ukirau_: Who wants 50k diamonds?âœ â¸â¸

Follow me + @gothmobiIe w\notifs + Retweet &amp; Like for a chance to win! â˜ï¸ğŸ’¿

ends 20 minã®",2021-02-15 19:00:46,1.3613900101554217e+18,Daniel Shin,danielshinmath,2202078866.0,"Tenafly, Bergen County, New Jersey, 07670, United States",Goes to Bergen county Academies,False,,96,"Tenafly, Bergen County, New Jersey, 07670, United States","(40.9253766, -73.9629154, 0.0)",0,0,0
"i miss the first lockdown 
best 21 days ever",2021-02-15 19:00:55,1.3613900466039237e+18,Gaurav Arora,Gaurav0509,1.2152118760883036e+18,"New Delhi, Delhi, India",the impostor,False,,0,"New Delhi, Delhi, India","(28.6138954, 77.2090057, 0.0)",0,0,0
"RT @ggcouk: ğŸ¥ FLAT FOLK ğŸ¥

The start of a new series ahead of the Flat Racing season ğŸ‡

Our first guest was @rhannonracing stable jockey @Lâ€¦",2021-02-15 19:00:54,1.361390045463216e+18,isabel hale,htotheizzy,45840043.0,"London, Greater London, England, United Kingdom","Head of @squawka, @livedarts, @Livesnooker and branding @catenamedia. Views my own.",False,,5,"London, Greater London, England, United Kingdom","(51.5073219, -0.1276474, 0.0)",0,0,0
@Gamerinthehive @Persona_Central that was a prequel episode they did before the show,2021-02-15 19:00:50,1.3613900254898463e+18,(ãƒãƒƒãƒˆ) Matt Carter ğŸ³ï¸â€ğŸŒˆ,Carter478,87964212.0,Australia,"Fan of Anime, Gaming, Drawing and anything Japan related.",False,,0,Australia,"(-24.7761086, 134.755, 0.0)",0,0,0
Moving in on 11 hours no power/no heat now. I know it's fun to laugh at Texas and bootstraps and all but this sucksâ€¦ https://t.co/u845xW0G4e,2021-02-15 19:00:47,1.3613900129112635e+18,matt,therealburnham,342388421.0,"Austin, Travis County, Texas, United States","all good things in all good time.


there is nothing wrong with love.


@phishnet setlist team member",False,,0,"Austin, Travis County, Texas, United States","(30.2711286, -97.7436995, 0.0)",0,0,0
@SandyAdam5 Mr Adam I'd like to send you a message if you  could take 5 minutes to follow me and read it would be greatly appreciated ğŸ™ğŸ™ğŸ˜Š,2021-02-15 19:00:41,1.3613899898509804e+18,Peter27712,PeterO46922065,1.104553827347452e+18,"Scotland, United Kingdom",,False,,0,"Scotland, United Kingdom","(56.7861112, -4.1140518, 0.0)",0,0,0
"@FlashForFreedom @DDR4_Gaming Everything in its place, as my wife keeps telling me, but a tractor's place is not inâ€¦ https://t.co/r6dAYZ51A0",2021-02-15 19:00:53,1.361390039209562e+18,Felonius Antonius,FeloniusTony,1061455063.0,"England, United Kingdom","Ancient Roman curmudgeon, Optimate, Stoic and Juvenalian.",False,,0,"England, United Kingdom","(52.5310214, -1.2649062, 0.0)",0,0,0
RT @CalleseMario: when that pussy start feeling like a plan b only $50,2021-02-15 19:00:46,1.3613900115439124e+18,WZRD,WZRDNANE,2558231348.0,"Houston, Harris County, Texas, United States",ğŸ¥¸,False,,1,"Houston, Harris County, Texas, United States","(29.7589382, -95.3676974, 0.0)",1,0,0
@_aaaaaaaaahh @ryukc0ck sadly it's hard to find w|w porn that isn't obviously created for a man. I found a site geaâ€¦ https://t.co/D43Tor8dKT,2021-02-15 19:00:54,1.3613900434835046e+18,Kristina,rawrkristina,20411826.0,"Over the Rainbow, Brindley Heath, Hednesford, Cannock Chase, Staffordshire, West Midlands, England, WS15 2UZ, United Kingdom",A place to live tweet movies and TV shows. she/her,False,,0,"Over the Rainbow, Brindley Heath, Hednesford, Cannock Chase, Staffordshire, West Midlands, England, WS15 2UZ, United Kingdom","(52.7269196, -1.9718449, 0.0)",0,0,0
@bitchaarie iâ€™ll k word myself,2021-02-15 19:00:45,1.3613900052692623e+18,Gothiana,catsuclaus,1473037244.0,"12H, Seafield, Alloway, South Ayrshire, Scotland, United Kingdom",23. astrology enthusiast she/her. to book a reading click the link in bio,False,,0,"12H, Seafield, Alloway, South Ayrshire, Scotland, United Kingdom","(55.43902555, -4.637582447952585, 0.0)",0,0,0
all my friends have no power and i do so if yâ€™all get cold hmu ğŸ¥ºğŸ–¤,2021-02-15 19:00:45,1.3613900053069824e+18,morgğŸ,morgcp_pt,8.96080594047832e+17,"kens, Gandoh, Doda District, Jammu and Kashmir, India",,False,,1,"kens, Gandoh, Doda District, Jammu and Kashmir, India","(33.1096922, 75.9488136, 0.0)",0,0,0
"RT @TimeIsNotGiven: ""Vegan leather"" is even worse for the environment than Leather. It is literally unrecyclable plastic. Leather is a byprâ€¦",2021-02-15 19:00:50,1.3613900286482842e+18,Angel,plantaingirl,3339909250.0,"London, Greater London, England, United Kingdom",in this world but not of it. Process Engineer ğŸ‘©ğŸ½â€ğŸ”§ Director of Enjoyment,False,,3017,"London, Greater London, England, United Kingdom","(51.5073219, -0.1276474, 0.0)",0,0,0
I cant wait that long https://t.co/qw1VUf1eXr,2021-02-15 19:00:40,1.3613899858873672e+18,NinjagoMorro,Ninjago71692357,1.3573312040061706e+18,"å¿è€…ã‚´ãƒ¼, ä¼Šå‹¢æ¹¾å²¸è‡ªå‹•è»Šé“, é‡‘åŸãµé ­äºŒä¸ç›®, æ¸¯åŒº, åå¤å±‹å¸‚, æ„›çŸ¥çœŒ, 455-0845, æ—¥æœ¬","Hi im Morro, the master of wind, was suppost to became the green ninja, Lloyd took that from me. I'm fighting with garnadon",False,,0,"å¿è€…ã‚´ãƒ¼, ä¼Šå‹¢æ¹¾å²¸è‡ªå‹•è»Šé“, é‡‘åŸãµé ­äºŒä¸ç›®, æ¸¯åŒº, åå¤å±‹å¸‚, æ„›çŸ¥çœŒ, 455-0845, æ—¥æœ¬","(35.0512102, 136.8446088, 0.0)",0,0,0
There are two ways to live: you can live as if nothing is a miracle; you can live as if everything is a miracle. Alâ€¦ https://t.co/LeA1ybJDSt,2021-02-15 19:00:41,1.361389991017017e+18,A+ HOT DEALS,TojopDoph50,9.629635189610742e+17,United States,the BEST Deals in USA,False,,0,United States,"(39.7837304, -100.4458825, 0.0)",0,0,0
@Shawridgefarm Can I have your new snowmobile?,2021-02-15 19:00:42,1.361389993076392e+18,Harry Bennett,islandviewag,3006410999.0,"Merrickville, Merrickville-Wolford, Leeds and Grenville Counties, Eastern Ontario, Ontario, K0G 1N0, Canada","CCA-ON at Harvex Agromart, Husband to Lorie,Father of 3 , Grandpa to Noah, likes Forty Creek whisky,grain broker, 4-H leader, KCAT '81, Director @OttawaFarmShow",False,"Montague, Ontario",0,"Merrickville, Merrickville-Wolford, Leeds and Grenville Counties, Eastern Ontario, Ontario, K0G 1N0, Canada","(44.9161119, -75.8369285, 0.0)",0,0,0
"@MELANIATRUMP @TheChildrensInn @NIH The children are inspiration to you, but sadly you don't offer anything that isâ€¦ https://t.co/aQeqe4myk0",2021-02-15 19:00:44,1.3613900009657876e+18,Kuan Y Liu,davidkyliu,44301659.0,"San Francisco, San Francisco City and County, California, United States","Technical Consultant, Expert Witness, Semiconductor Process Technology",False,,0,"San Francisco, San Francisco City and County, California, United States","(37.7790262, -122.4199061, 0.0)",0,0,0
"Collectively our influence magnifies...

If we are to see real and lasting change in the world we will need to joinâ€¦ https://t.co/UxBJMBVoX4",2021-02-15 19:00:45,1.3613900063051776e+18,AZEmotionalHealth with Jenny Florence,jennyflorence1,2698067509.0,"Stockwell Bus Garage, Binfield Road, Stockwell Park, Stockwell, London Borough of Lambeth, London, Greater London, England, SW4 6ST, United Kingdom",The AZEmotionalHealth Library - Understanding Mental Wellness from a Spiritual perspective - Moon & Astro updates - Psychologically Aware Tarot Readings,False,,0,"Stockwell Bus Garage, Binfield Road, Stockwell Park, Stockwell, London Borough of Lambeth, London, Greater London, England, SW4 6ST, United Kingdom","(51.4742479, -0.12433969968085111, 0.0)",0,0,0
RT @JajaPhD: This is why I don't trust this man's #RevolutionNow. Such a charlatan.,2021-02-15 19:00:43,1.3613899977991864e+18,Isi,IsiFrankO,45567273.0,"Port-Harcourt, Rivers, Nigeria","Good vibes

Views and opinions shared here are mine and do not represent the views of my employers.",False,,25,"Port-Harcourt, Rivers, Nigeria","(4.7676576, 7.0188527, 0.0)",0,0,0
"@four4thefire 0

You see, my daddy was a railroad man until he got rich.",2021-02-15 19:00:43,1.361389999388848e+18,Al,twixbchnmouse,2222492788.0,"Deltona, Volusia County, Florida, United States","Shooter, archer, lifelong fisherMan, Ancient computer tech. He's dead, Jim. Take his tricorder, I'll get his wallet.
Not followed by Gen Flynn or Catturd.",False,,0,"Deltona, Volusia County, Florida, United States","(28.9005446, -81.2636738, 0.0)",0,0,0
RT @kagshoe: I have 3 holes for a reason https://t.co/RLC5DilQmy,2021-02-15 19:00:53,1.361390040878842e+18,sabss,sunshinekookiie,1.0918175345448591e+18,EspaÃ±a,,False,,54,EspaÃ±a,"(39.3260685, -4.8379791, 0.0)",0,0,0
"Prisoners are at high risk for COVID-19, potentially making prison a death sentence.
https://t.co/8nWkiWV6eu",2021-02-15 19:00:47,1.3613900152433009e+18,Speak Out Now,revsocialists,1.0373899915071898e+18,"International, JugoslÃ¡vskÃ½ch partyzÃ¡nÅ¯, Dejvice, HlavnÃ­ mÄ›sto Praha, Praha, 160 00, ÄŒesko",We have a world to win!,False,,1,"International, JugoslÃ¡vskÃ½ch partyzÃ¡nÅ¯, Dejvice, HlavnÃ­ mÄ›sto Praha, Praha, 160 00, ÄŒesko","(50.109345950000005, 14.393264664529315, 0.0)",0,0,0
I would rather belong to a poor nation that was free than to a rich nation that had ceased to be in love with liberâ€¦ https://t.co/SF3RWe6L1k,2021-02-15 19:00:54,1.361390042049106e+18,Finesse Fine Jewelry,Finesse_Jewelry,1.0043941033276416e+18,"Brecksville, Cuyahoga County, Ohio, 44141, United States",For years itâ€™s been our greatest passion to design custom jewelry pieces as unique and memorable as the people and special occasions that theyâ€™re for.,False,,0,"Brecksville, Cuyahoga County, Ohio, 44141, United States","(41.3197763, -81.6267904, 0.0)",0,0,0
"RT @TrumpWarRoom___: RT to wish a Happy President's Day to Donald Trump.

Follow @realGOPsupport",2021-02-15 19:00:53,1.361390039108907e+18,VaQuireboy,VaQuireboy,7.420760496185385e+17,"Virginia, United States","Family man, College educated, Independent, Vietnam vet,  1st Infantry, CIB, Purple Heart,  #TrumpPence2020 #MAGA #KAG",False,,2124,"Virginia, United States","(37.1232245, -78.4927721, 0.0)",0,0,0
RT @Shav457: I asked her what she wants for Valentineâ€™s Day and she said my passwords or a Louis Bag. Did yâ€™all know they served drinks inâ€¦,2021-02-15 19:00:52,1.361390037418578e+18,Nazneen Sharani,nazneen_sharani,364148141.0,"Ø¯Ø¨ÙŠ, Ø§Ù„Ø¥Ù…Ø§Ø±Ø§Øª Ø§Ù„Ø¹Ø±Ø¨ÙŠØ© Ø§Ù„Ù…ØªØ­Ø¯Ø©",Â¯\_(ãƒ„)_/Â¯,False,,20204,"Ø¯Ø¨ÙŠ, Ø§Ù„Ø¥Ù…Ø§Ø±Ø§Øª Ø§Ù„Ø¹Ø±Ø¨ÙŠØ© Ø§Ù„Ù…ØªØ­Ø¯Ø©","(25.0750095, 55.18876088183319, 0.0)",0,0,0
I donâ€™t know what situations have left you feeling overwhelmed and afraid that there is no way out. But may I offerâ€¦ https://t.co/HuxciIMgPd,2021-02-15 19:00:54,1.3613900445111624e+18,Loy A. Webb,mslawebb,43333589.0,Chile,"Write-her of TV and Plays. | Everything I do, I do for Godâ€™s kingdom, not the culture.",False,,0,Chile,"(-31.7613365, -71.3187697, 0.0)",0,0,0
@91TAEZ i will never get over your cuteness,2021-02-15 19:00:43,1.3613899974049423e+18,ğŸŒ» le â˜€ï¸ | hobi day,hyvcksuns,1.271236548227408e+18,"#16 Black, Town of Geneva, Walworth County, Wisconsin, United States",any pronouns (they/he/vamp) | yeojin = lentil bean agenda | black lives still matter,False,,0,"#16 Black, Town of Geneva, Walworth County, Wisconsin, United States","(42.616675150000006, -88.4277004473644, 0.0)",0,0,0
RT @JaniceDean: And ps Iâ€™ll find out which lawmakers are doing this and have no problem shaming those who use these dirty tricks to get theâ€¦,2021-02-15 19:00:56,1.361390051670786e+18,DrKLaugh ğŸ‡ºğŸ‡¸ğŸ’™ğŸ–¤ğŸ‡ºğŸ‡¸ğŸ’™ğŸ–¤,Disinfector,25300825.0,United States,"Happily retired AssocResFellow at CloroxHealthcare. Conservative Patriot #MAGA, & Tigger fan! You will become more tolerable after my morning coffeeğŸ˜Š",False,,27,United States,"(39.7837304, -100.4458825, 0.0)",0,0,0
"RT @chris_mungai: I want to tell you the story of my friend today. Help him get his money back!

I've known @duncankeya since we were in hiâ€¦",2021-02-15 19:00:52,1.3613900341721948e+18,Tom Makau,tommakau,26186133.0,"Nairobi, Kenya",Humanity+. Passionate about life and purpose. Chief Evangelist and rainmaker at https://t.co/oPcyj0xzrW. Views expressed here are my own,False,,175,"Nairobi, Kenya","(-1.3031689499999999, 36.826061224105075, 0.0)",0,0,0
I dont think ive ever gotten tired of this song not once https://t.co/Zgexpm11jX,2021-02-15 19:00:42,1.361389992388432e+18,DONTLETDREAMSDIE,861alejandro,3236586703.0,"Los Angeles, Los Angeles County, California, United States",,False,,0,"Los Angeles, Los Angeles County, California, United States","(34.0536909, -118.242766, 0.0)",0,0,0
RT @Simple_A2: I will always be with you. https://t.co/zbpVX6Ungm,2021-02-15 19:00:48,1.3613900181331763e+18,Ù†Ø¯Ù‰,7wpyi,1.2850558619504722e+18,"Ø¯Ø§Ø± Ù…Ù‡Ø¯ÙŠ Ø¨Ø¯ÙŠÙˆÙŠ Ø§Ù„Ù…Ø¹Ù…ÙˆØ±ÙŠ, 8, Ù‚Ø±ÙŠØ© Ù…Ø´Ø±ÙˆØ¹ Ø§Ù„Ù…Ø³ÙŠØ¨, Ù†Ø§Ø­ÙŠØ© Ø§Ù„Ø§Ø³Ú©Ù†Ø¯Ø±ÙŠØ©, Ù‚Ø¶Ø§Ø¡ Ø§Ù„Ù…Ø³ÙŠØ¨, Ù…Ø­Ø§ÙØ¸Ø© Ø¨Ø§Ø¨Ù„, Ø§Ù„Ø¹Ø±Ø§Ù‚ / Ø¹ÛØ±Ø§Ù‚ / Ü¥ÜÜªÜÜ©",ï´¿Ù‡ÙÙˆÙ Ø§Ù„Ø±ÙÙ‘Ø­Ù’Ù…ÙÙ°Ù†Ù Ø§Ù„Ø±ÙÙ‘Ø­ÙÙŠÙ…Ùï´¾ â€¢ @alhilal_fc â€¢ @amdoozn,False,,170,"Ø¯Ø§Ø± Ù…Ù‡Ø¯ÙŠ Ø¨Ø¯ÙŠÙˆÙŠ Ø§Ù„Ù…Ø¹Ù…ÙˆØ±ÙŠ, 8, Ù‚Ø±ÙŠØ© Ù…Ø´Ø±ÙˆØ¹ Ø§Ù„Ù…Ø³ÙŠØ¨, Ù†Ø§Ø­ÙŠØ© Ø§Ù„Ø§Ø³Ú©Ù†Ø¯Ø±ÙŠØ©, Ù‚Ø¶Ø§Ø¡ Ø§Ù„Ù…Ø³ÙŠØ¨, Ù…Ø­Ø§ÙØ¸Ø© Ø¨Ø§Ø¨Ù„, Ø§Ù„Ø¹Ø±Ø§Ù‚ / Ø¹ÛØ±Ø§Ù‚ / Ü¥ÜÜªÜÜ©","(32.7827618, 44.3978354, 0.0)",0,0,0
@Xexus224 Here i can help,2021-02-15 19:00:52,1.3613900339121562e+18,Veronica P. Martin,ver0nica_patric,1.1395689742267638e+18,"Philadelphia, Philadelphia County, Pennsylvania, United States","âœ¿ Professional Graphic Designer & Artist
âœ¿ Professional Website Developer/Designer
âœ¿ Professional Animator
âœ¿ Software Engineer ğŸ“
Old Account: @jforjeryy
ğŸ‡ºğŸ‡¸",False,,0,"Philadelphia, Philadelphia County, Pennsylvania, United States","(39.9527237, -75.1635262, 0.0)",0,0,0
RT @kelvi: make yourself a priority.,2021-02-15 19:00:54,1.3613900440749384e+18,Dareen Fawaz,dareenfwz,1.2399586703744696e+18,Ø§Ù„Ø¨Ø­Ø±ÙŠÙ†,,False,,7303,Ø§Ù„Ø¨Ø­Ø±ÙŠÙ†,"(26.1551249, 50.5344606, 0.0)",0,0,0
"RT @JamesMartinSJ: ""I was there, dressed to play golf, and another individual â€” I opened the trunk â€” he said, 'You can put my clubs on theâ€¦",2021-02-15 19:00:43,1.361389996167426e+18,Lyn Marie Smith,LynTeddy16,971601308.0,"Auckland, WaitematÄ, Auckland, 1010, New Zealand / Aotearoa","RE Lecturer, Heavy Rock - Metallica fan, Reader of Vampire novels, Whiskey drinker.",False,,96,"Auckland, WaitematÄ, Auckland, 1010, New Zealand / Aotearoa","(-36.852095, 174.7631803, 0.0)",0,0,0
@i_etherea hehe thank you my wife ğŸ’•ğŸ’•,2021-02-15 19:00:43,1.3613899974426624e+18,b,BrandaceJordan,279863350.0,"Kentucky, United States",| ig: brandacejordan | she/her |,False,,0,"Kentucky, United States","(37.5726028, -85.1551411, 0.0)",0,0,0
"Open, closed, and lock your door at the push of a button with the state-of-the-art mobile app for the ASSA ABLOY SWâ€¦ https://t.co/IU6ITQ70tN",2021-02-15 19:00:52,1.3613900369194516e+18,ASSA ABLOY Ent US,assaabloyentus,156391433.0,United States,Look to ASSA ABLOY Entrance Systems US for high-quality automated entrance solutions & service. Keep entrances operating with optimal flow of goods & people.,False,,0,United States,"(39.7837304, -100.4458825, 0.0)",0,0,0
RT @Canduh_: Trying to be a better friend and human being in general this year ğŸ™ğŸ¿,2021-02-15 19:00:55,1.3613900470822093e+18,Flow,maumauzdaughter,9.120201751421788e+17,"Gaia, Sandim, Sandim, Olival, Lever e Crestuma, Vila Nova de Gaia, Porto, Ãrea Metropolitana do Porto, Norte, Portugal","I am divine in every way, my words are sweet like honey, my touch is smooth like velvet and the way I move is magic",False,,12,"Gaia, Sandim, Sandim, Olival, Lever e Crestuma, Vila Nova de Gaia, Porto, Ãrea Metropolitana do Porto, Norte, Portugal","(41.051359000000005, -8.512936800000002, 0.0)",0,0,0
"RT @OfficialMonstaX: I.M
FIRST SOLO DIGITAL MINI ALBUM
&lt;DUALITY&gt;

CONCEPT PHOTO 2

#IM #DUALITY #IM_DUALITY
#MONSTAX #MONSTA_X
#ëª¬ìŠ¤íƒ€ì—‘ìŠ¤ #ì•„ì´ì— â€¦",2021-02-15 19:00:53,1.3613900382113096e+18,ğŸ§¨ ğ“ğ€ğğŒ â™« á´Šá´á´œ,Shownuiloveu,1.3193407744845947e+18,"Latina, Lazio, Italia","â¡ocelyne~ Only Monbebe â›…ï¸ğŸŒ¥â˜ï¸âSi ellos sonrÃ­en, todo mi esfuerzo vale la pena.â ğŸ»ğŸ¹ğŸğŸºğŸ°ğŸ¢ğŸ¶",False,,23081,"Latina, Lazio, Italia","(41.45952605, 13.012591212188894, 0.0)",0,0,0
"RT @F1: Red Bull have formed a powertrain company after reaching an agreement with Honda to use its F1 power unit technology from 2022

#F1â€¦",2021-02-15 19:00:42,1.361389993961341e+18,Ixel_skrrt_gt's,IxelGt,1.327441336904151e+18,Guatemala,"El Tuning Nunca Muere ğŸ”¥ğŸ”¥
El socio ğŸ‘€
American kempo Karate
ğŸ‡¬ğŸ‡¹â¤ï¸ğŸ‡¸ğŸ‡»",False,,1603,Guatemala,"(15.6356088, -89.8988087, 0.0)",0,0,0
"RT @lostwithoutlwt: walls vinyl giveaway âœ¨
one winner will receive a brand new black walls vinyl !! 

how to enter: 
-rt 
-follow me 
-turnâ€¦",2021-02-15 19:00:44,1.3613900008777482e+18,ğŸ’michalğŸ’,michal_styles_,1.2620564077859676e+18,×™×©×¨××œ,18ğŸ‰ directionerğŸ†”,False,,121,×™×©×¨××œ,"(31.5313113, 34.8667654, 0.0)",0,0,0
RT @PremiumDenise: In Jesusâ€™ name I declare and decree that I will receive this blessing. Mighty God your word says if we believe and we spâ€¦,2021-02-15 19:00:51,1.3613900296464876e+18,Catholic Rabbit,JolieRox,711719750.0,Jamaica,| Queen of hearts. | Keep simple things simple.,False,,39,Jamaica,"(18.1850507, -77.3947693, 0.0)",0,0,0
@tryingattimes @ramblanista Iâ€™m scared to say this for fear theyâ€™ll prove me wrong.,2021-02-15 19:00:45,1.3613900052147323e+18,Tom de Guerre,threecatpileup,1.268336854237143e+18,"Minnesota, United States",Gay dude. Politically unmoored. Gender is a poisonous fiction. Gifs are my love language.,False,,0,"Minnesota, United States","(45.9896587, -94.6113288, 0.0)",0,0,0
"RT @DolioJ: Now that's he's said this, I anticipate a mass shooting within 10 days.",2021-02-15 19:00:43,1.3613899990993715e+18,Uh ZğŸ˜ğŸ¦ğŸ¯,uhzman,8.575440857118433e+17,"Margate, Kent, South East, England, United Kingdom",Shooter - Pictures ğŸ“¸ pool ğŸ± arms ğŸ”«. #2A. No sales No ğŸ’© No DM. ğŸ‡ºğŸ‡¸ğŸ‡ºğŸ‡¸ğŸ’™ğŸ’™â™Œï¸ â€œLose that nickel plated sissy pistolâ€ â¤ï¸ğŸ¤ğŸ–¤ğŸ¤â¤ï¸,False,,55,"Margate, Kent, South East, England, United Kingdom","(51.3878174, 1.3819699, 0.0)",0,0,0
"RT @MachinePix: Pilot Jean-Francois Martin of the Chamonix Gendarmerie executes a risky ""pressing the skids"" maneuver to evacuate an injureâ€¦",2021-02-15 19:00:46,1.3613900106924728e+18,rbee,rbeestweets,355063782.0,"Terra Firma, 173, Port Sorell, Latrobe, Tasmania, 7307, Australia",terra firma observer.Proceed thoughtfully â¤ï¸/ RT does not equal endorsement...,False,,118,"Terra Firma, 173, Port Sorell, Latrobe, Tasmania, 7307, Australia","(-41.16759415, 146.536849231946, 0.0)",0,0,0
RT @RobAdam74497148: 2 ...of a Trudeau government than to restore the necessary common sense and good judgment to a depraved electorate wilâ€¦,2021-02-15 19:00:40,1.3613899859711386e+18,Shauna Fox,sfcfdf,1129260210.0,"Fort McMurray, Wood Buffalo, Alberta, Canada",Proud mother of a good man. and proud Albertan. Proud wife to a good hardworking man. My thoughts and opinions are my own and not that of my employers.,False,,6,"Fort McMurray, Wood Buffalo, Alberta, Canada","(56.7291997, -111.3885221, 0.0)",0,0,0
"RT @batuhangcr: In 2014, PKK carried out a new mass murder. Militants took to the streets at the call of the HDP political party, which hasâ€¦",2021-02-15 19:00:53,1.3613900401910374e+18,Hendese ErbabÄ± ğŸ‡¹ğŸ‡· âš™ï¸,mustinusti,434773837.0,TÃ¼rkiye,Fazla kafanÄ±zÄ± yormayÄ±n. sÄ±kÄ±cÄ± gerÃ§ekler.,False,,214,TÃ¼rkiye,"(38.9597594, 34.9249653, 0.0)",0,0,0
"RT @StoreByMajor: So I shaved in vain
ğŸ˜­ğŸ˜­ğŸ˜­ğŸ˜­ğŸ˜­",2021-02-15 19:00:40,1.3613899856063365e+18,MIXEDBREED,Dlor231,8.425065951457812e+17,"Lagos, Lagos Island, 100242, Nigeria",teamchelseafcâš½ï¸ğŸ’™|Computer scientistğŸ’»|Christianâ›ªï¸|bald nigga...Olamide Stan,False,,135,"Lagos, Lagos Island, 100242, Nigeria","(6.4550575, 3.3941795, 0.0)",0,0,0
@AVReneeKC @AvRaoke @vacajun I'll even match that dollar to make it two whole dollars!,2021-02-15 19:00:41,1.36138999053867e+18,"Joe Way, PhD, CTS",josiahway,50536673.0,"Orange County, California, United States","Director, @USC Learning Environments â™¦ Producer & Host, @HigherEdAV Podcast â™¦ Author, @ProdWorship Book â™¦ Co-Founder, @HETMA_org â™¦ Writer & Keynote Speaker",False,,0,"Orange County, California, United States","(33.7500378, -117.8704931, 0.0)",0,0,0
@DenovoManks This was me a few days ago ğŸ˜­ğŸ˜­ğŸ˜­,2021-02-15 19:00:43,1.3613899978033398e+18,garnet,Kaynqinana,9.374327431342694e+17,"Ahmedgarh, Raikot - Ahmedgarh Road, Ahmedgarh, Malerkotla Tahsil, Sangrur, Punjab, 141205, India","sapiosexual here , move along swiftly.ğŸ³ï¸â€ğŸŒˆ.",False,,0,"Ahmedgarh, Raikot - Ahmedgarh Road, Ahmedgarh, Malerkotla Tahsil, Sangrur, Punjab, 141205, India","(30.6834952, 75.8290011, 0.0)",0,0,0
RT @CauseWereGuys: Asking for a friend... https://t.co/LNiQATNZdM,2021-02-15 19:00:49,1.361390022889472e+18,Frangipaneke Jara,fjaraavila,489905718.0,"Leuven, Vlaams-Brabant, Vlaanderen, BelgiÃ« / Belgique / Belgien",Un mae aleatorio. Stats @KU_Leuven Am I retarded or am I just overjoyed? #fren,False,,69,"Leuven, Vlaams-Brabant, Vlaanderen, BelgiÃ« / Belgique / Belgien","(50.879202, 4.7011675, 0.0)",0,0,0
"RT @beauty_works: âœ¨ğ‘ªğ‘¶ğ‘´ğ‘·ğ‘¬ğ‘»ğ‘°ğ‘»ğ‘°ğ‘¶ğ‘µâœ¨

We know everyone's hair could use a little love rn, so we're giving you the chance to ğ”€ğ“²ğ“· one of @mollymaeâ€¦",2021-02-15 19:00:40,1.3613899855853773e+18,Tim Woolfenden,ccmredditch,579943160.0,"England, United Kingdom",SAFC,False,,534,"England, United Kingdom","(52.5310214, -1.2649062, 0.0)",0,0,0
need me a grass fields love in secret holding hands under the table stealing glances longing type of love ASAP.,2021-02-15 19:00:55,1.3613900478540022e+18,mulletgrl,g3rlsrule,1.1235679805232046e+18,"Better Than Her, 5640, Spring Garden Road, Downtown Halifax, Halifax, Halifax Regional Municipality, Halifax County, Nova Scotia, B3J 1G1, Canada",pov: the world is my stomach and youâ€™re all the nerds iâ€™ve eaten,False,,0,"Better Than Her, 5640, Spring Garden Road, Downtown Halifax, Halifax, Halifax Regional Municipality, Halifax County, Nova Scotia, B3J 1G1, Canada","(44.6425012, -63.5781491, 0.0)",0,0,0
RT @sarahlugor: i know gibby from icarly was annoyed asf when theyâ€™d tell him to take his shirt off,2021-02-15 19:00:52,1.361390034348368e+18,âœ¿ Heaven âœ¿,heavenzvibez,9.008868660938916e+17,"Coyote Ugly, El Paso, El Paso County, Texas, United States","22 ,She/Her ğŸ¦­ (Check out my store below)",False,,2706,"Coyote Ugly, El Paso, El Paso County, Texas, United States","(31.9647429, -106.4642715, 0.0)",0,0,0
RT @MollyJongFast: When I became patient 1133 in the pfizer trial I didnâ€™t know if the vaccine would work or what the timetable would be. Bâ€¦,2021-02-15 19:00:51,1.3613900317393142e+18,David Kramer-UrnerğŸŒ¹,dakumaku,321084701.0,"Santa Cruz County, California, United States",Left-leaning atheist physical therapist dad husband biking home-brewer loving life!,False,,960,"Santa Cruz County, California, United States","(37.050096, -121.9905908, 0.0)",0,0,0
"We hope you all had a wonderful weekend and Valentine's day!
#WhatcomTitle #Local #PresidentsDay #WLTstrong https://t.co/2ZXDmfi7TD",2021-02-15 19:00:52,1.3613900361183396e+18,Whatcom Land Title,whatcomtitle,8.852087464685814e+17,"Bellingham, Whatcom County, Washington, United States",Providing our clients with local and professional title and escrow services for the Whatcom County area.,False,,0,"Bellingham, Whatcom County, Washington, United States","(48.7544012, -122.4788361, 0.0)",0,0,0
@E_khls See you,2021-02-15 19:00:47,1.3613900150880666e+18,E P Ä° C,RvanHsnov4,1.347980978317369e+18,AzÉ™rbaycan,Ä°ÅŸÄ±qlÄ± gÃ¼n Ã¼Ã§Ã¼n keÃ§irÉ™m gecÉ™dÉ™n,False,,0,AzÉ™rbaycan,"(40.3936294, 47.7872508, 0.0)",0,0,0
"Southport FC, in agreement with Curzon Ashton, will not be fulfilling the scheduled fixture tomorrow evening.

https://t.co/zqgPmOFLbf",2021-02-15 19:00:52,1.3613900363154227e+18,Southport Football Club,southport_fc,14084216.0,"Pure, Lyneham, North Canberra, District of Canberra Central, Australian Capital Territory, 2602, Australia",Updates from the First Team #OnePort and Academy Southport #MyPortFC setups. Community Foundation: @SouthportFCCF,True,,2,"Pure, Lyneham, North Canberra, District of Canberra Central, Australian Capital Territory, 2602, Australia","(-35.256955700000006, 149.13170536988275, 0.0)",0,0,0
THATS A WAIST CHAIN I- https://t.co/4CKZQ5eZB4 https://t.co/9MnaYirJF2,2021-02-15 19:00:49,1.3613900248146944e+18,ğ”»â™¡ â€¢ Ten on PlayV,neoboytenn,1.109884196993069e+18,"Better Than Her, 5640, Spring Garden Road, Downtown Halifax, Halifax, Halifax Regional Municipality, Halifax County, Nova Scotia, B3J 1G1, Canada","fan acct â€¢ photographer, 10vely, tenâ€™s friend",False,,0,"Better Than Her, 5640, Spring Garden Road, Downtown Halifax, Halifax, Halifax Regional Municipality, Halifax County, Nova Scotia, B3J 1G1, Canada","(44.6425012, -63.5781491, 0.0)",0,0,0
"RT @MikeyNooodz: The custom AJ1 for @changoodie 
She took one of her college art pieces and threw it together on a shoe. I LOVE how these câ€¦",2021-02-15 19:00:45,1.3613900051392348e+18,drysteppers,drysteppers,8.206677365902705e+17,"Brooklyn, Kings County, New York, United States","Durable footwear cover for inclement weather â€¢ Non slip sole, front zipper & ankle draw cords â€¢ Available in 8 different styles! & kids ! IG @drysteppers",False,,4,"Brooklyn, Kings County, New York, United States","(40.6501038, -73.9495823, 0.0)",0,0,0
@SenhorRaposa He blocked me in 2019 when I called him out for an ableist tweet.,2021-02-15 19:00:55,1.3613900497708278e+18,Jacob Smith,jacobfhsmith,608774430.0,"Chapel Hill, Orange County, North Carolina, United States","@DukeU @StatSciDuke Assistant Research Prof. Political scientist. Congress-watcher. Elections junkie. Kenyon/UNC alum. Views my own, rt â‰  e.",False,,0,"Chapel Hill, Orange County, North Carolina, United States","(35.9131542, -79.05578, 0.0)",0,0,0
I have no energy to hate either love or just i don't care ..,2021-02-15 19:00:44,1.3613900026855014e+18,ğŸª,NehalElsherbin2,4201862182.0,"Ø§Ù„Ù…Ù†ØµÙˆØ±Ø©, Ø§Ù„Ø¯Ù‚Ù‡Ù„ÙŠØ©, 35517, Ù…ØµØ±","May the ugliness of this world never scar the beauty of the pure hearts ğŸ¤

ğŸ…ï¸ğŸ…ï¸ ğŸ…“ï¸ğŸ…œï¸",False,,0,"Ø§Ù„Ù…Ù†ØµÙˆØ±Ø©, Ø§Ù„Ø¯Ù‚Ù‡Ù„ÙŠØ©, 35517, Ù…ØµØ±","(31.037566, 31.38649, 0.0)",0,0,0
"RT @SuzanneEvans1: Yes, they're running ads on the local radio here saying you should get a test 'even if you've got no symptoms.' They'reâ€¦",2021-02-15 19:00:47,1.3613900159940936e+18,Cathie212,Cathie212,57399853.0,"Facebook, Kawangware, Nairobi, Kenya",,False,,33,"Facebook, Kawangware, Nairobi, Kenya","(-1.2772989, 36.76095918258451, 0.0)",0,0,0
"RT @Biggboss_Tak1: Retweet ğŸ”ƒ and Like â¤ If you are Voting for #RahulVaidya to make him a Winner of BiggBoss Season 14.

#BiggBoss_Tak httpsâ€¦",2021-02-15 19:00:51,1.3613900302546125e+18,Raghu,raghu21886,133963570.0,"New Delhi, Delhi, India","Not Everyone Likes Me, BUT Not Everyone Matters",False,,381,"New Delhi, Delhi, India","(28.6138954, 77.2090057, 0.0)",0,0,0
"Using my first tweet to recommend â€œJudas and the Black Messiahâ€ to everyone. Not only is it a fantastic movie, it sâ€¦ https://t.co/FbpTpEI515",2021-02-15 19:00:42,1.3613899950979482e+18,BeeBee,MsBeeTaughtYou,1.317494581320061e+18,"Los Angeles, Los Angeles County, California, United States","ğŸ§˜ğŸ¾â€â™€ï¸Part-time savage, full-time hippie. ğŸ‘©ğŸ½â€ğŸ« High school educator.  âœ¨Magical being.",False,,0,"Los Angeles, Los Angeles County, California, United States","(34.0536909, -118.242766, 0.0)",0,0,0
"Delivering both comfort and style, Raffine is a truly classic lingerie collection that boasts four bra styles, withâ€¦ https://t.co/5YwmwrwNhI",2021-02-15 19:00:43,1.3613899967756657e+18,Wacoal Europe,WacoalEurope,2435454307.0,"London, Greater London, England, United Kingdom",Official UK page for Wacoal lingerie. Wacoal designs exceptional lingerie from a 30-44 back and AA-F cup. Instagram: @WacoalEurope,False,,0,"London, Greater London, England, United Kingdom","(51.5073219, -0.1276474, 0.0)",0,0,0
"RT @TundeTASH: You want to make it so you can â€œPepper themâ€. Make it so you can take care of yourself and your family.

You are not a peppeâ€¦",2021-02-15 19:00:46,1.3613900082975334e+18,Oluwapelumi,oluwa_pelu_mi,709850698.0,"F & J De Jesus Inc., Sacred Heart, San Antonio, Makati 1st District, Makati, Fourth District, Metro Manila, 1203, Luzon",Ezekiel 28:12b,False,,156,"F & J De Jesus Inc., Sacred Heart, San Antonio, Makati 1st District, Makati, Fourth District, Metro Manila, 1203, Luzon","(14.5644031, 121.0124568, 0.0)",0,0,0
"RT @HarryPotterMAGE: DAMNING FACT :Â Trump stillÂ faces three investigations, two relating to his business dealings in New York and a third sâ€¦",2021-02-15 19:00:49,1.3613900230992404e+18,SNOWFLAKE,jawja100,1428245454.0,"Georgia, United States",Little Old Lady Gardener Reader Cook Grandmother Navy Brat Retired Union Thug  NO LISTS!  ğŸ¶ğŸ’ƒğŸ½ğŸ¶  #TheResistanceğŸŒŠ #STILLWITHHER  #TEAMPELOSIğŸ‘  #BIDENHARRIS,False,,168,"Georgia, United States","(32.3293809, -83.1137366, 0.0)",0,0,0
"Since we moved here, I've engaged in a slow socially-distanced cooking/baking/acts of kindness exchange war with ouâ€¦ https://t.co/MwRP47F7ms",2021-02-15 19:00:46,1.3613900101638597e+18,Mona T,Mona_OnA_Trip,47741183.0,"Sunny, Ghulamullah, Ø³Ù†ÚŒ, Ø¢Ø²Ø§Ø¯ Ú©Ø´Ù…ÛŒØ±","ex-Cambridge-CompSci, in denial. Cars, Football, Rowing, HipHop; Hiking, Camping, Skiing, Rivers, Country. Gotta follow that rainbow of diamonds down to the gol",False,,0,"Sunny, Ghulamullah, Ø³Ù†ÚŒ, Ø¢Ø²Ø§Ø¯ Ú©Ø´Ù…ÛŒØ±","(24.60428155, 67.81988190759101, 0.0)",0,0,0
oooooh i have a headache,2021-02-15 19:00:40,1.3613899869778862e+18,princess,xeg1x,481090694.0,"London, Greater London, England, United Kingdom",i have nothing to offer,False,,0,"London, Greater London, England, United Kingdom","(51.5073219, -0.1276474, 0.0)",0,0,0
"Q: The legal process has left me feeling overwhelmed. Is this normal?

A: ""Clients often panic but De Rose is hereâ€¦ https://t.co/ieGyWNakdk",2021-02-15 19:00:43,1.3613899983611822e+18,De Rose Lawyers,DeRoseLawyers,1020148248.0,"Toronto, Golden Horseshoe, Ontario, Canada",The personal injury lawyers at De Rose Personal Injury Law Firm blend unmatched expertise with genuine compassion through the legal process.,False,,0,"Toronto, Golden Horseshoe, Ontario, Canada","(43.6534817, -79.3839347, 0.0)",0,0,0
RT @nicekicksgabe: the hood wouldâ€™ve been a wild place if Michael Jordan played for the magic and they called these shoes the â€œflu gamesâ€ hâ€¦,2021-02-15 19:00:48,1.3613900193998438e+18,Nice Kicks,nicekicks,15097566.0,"Austin, Travis County, Texas, United States",Sneakers. Culture. Community.,True,,13,"Austin, Travis County, Texas, United States","(30.2711286, -97.7436995, 0.0)",0,0,0
RT @nvtvliec: if ur cheating i hope u get caughtâ¤ï¸,2021-02-15 19:00:44,1.3613900018550702e+18,shacarriab,cshacarria,2570911912.0,"Shreveport, Caddo Parish, Louisiana, United States",â€œa sunflower in a room full of roses ğŸŒ»â€     su21 ğŸ†ğŸ’™,False,,26378,"Shreveport, Caddo Parish, Louisiana, United States","(32.5221828, -93.7651944, 0.0)",0,0,0
"Before you send a video snap, really ask yourselfâ€¦ does the audio matter THAT much?",2021-02-15 19:00:50,1.3613900275619717e+18,Zuhair Ali,ZuUuUu786,996113725.0,"Virginia Beach, Virginia, United States","Follow if you enjoy Movies, Tech, and Washington Football. (With occasional spontaneous Zu philosophy)",False,,0,"Virginia Beach, Virginia, United States","(36.8529841, -75.9774183, 0.0)",0,0,0
"Youâ€™re a powerhouse right now, so channel this power wisely! T... More for Aquarius https://t.co/ABH0yYHDba",2021-02-15 19:00:40,1.3613899861095137e+18,IZAYA WITH A â€œZâ€,izayaharrison,7.479712128237978e+17,"Milwaukee, Milwaukee County, Wisconsin, United States",ğŸ—£ğŸ’ğŸ¤–,False,,0,"Milwaukee, Milwaukee County, Wisconsin, United States","(43.0349931, -87.922497, 0.0)",0,0,0
"*My housemate is in a relationship and I'm not

My housemate: ""Today is Singles Awareness day"" 

Me: ""ok""

My houseâ€¦ https://t.co/k65Ia6eTyM",2021-02-15 19:00:45,1.361390004283433e+18,Haruna.K,haru_ktym,2814996140.0,"Tyn Lon Garage Ltd, Llanfair Pwllgwyngyll, Llanfairpwllgwyngyll, Ynys MÃ´n / Isle of Anglesey, Cymru / Wales, LL61 5SX, United Kingdom","Normalising stigmatised topics w/ tech x branding | Analyst at https://t.co/dj7vN9O1CU | @minervaschools 21, @uwcusa alum, MasaSon fellow & UNIQLO scholar",False,,0,"Tyn Lon Garage Ltd, Llanfair Pwllgwyngyll, Llanfairpwllgwyngyll, Ynys MÃ´n / Isle of Anglesey, Cymru / Wales, LL61 5SX, United Kingdom","(53.22112755, -4.2028425914243766, 0.0)",0,0,0
"RT @andymok: Chinese EV sold 112,000 units between July and the end of 2020, ranking second for the year behind Teslaâ€™s Model 3, but firstâ€¦",2021-02-15 19:00:40,1.3613899830435185e+18,Wenran Jiang,WenranJ,1.0551850294609674e+18,"Edmonton, Edmonton (city), Alberta, Canada","Advisor, Asian Program, Institute for Peace & Diplomacy; President, Canada-China Energy & Environment Forum",False,,2,"Edmonton, Edmonton (city), Alberta, Canada","(53.535411, -113.507996, 0.0)",0,0,0
@natsechobbyist @FPWellman For a reason. It works. It appears that 'owning the libs' is all that matters to the GOP/MAGA and the like.,2021-02-15 19:00:46,1.3613900122232996e+18,TamaraSHere,Lamplit,25896873.0,"California, United States","""Always remember that you are absolutely unique. Just like everyone else.""  Margaret Mead",False,,0,"California, United States","(36.7014631, -118.755997, 0.0)",0,0,0
"Neulock the Great. Yeeeah, I'm thinking that's got a nice ring to it,",2021-02-15 19:00:48,1.3613900175837102e+18,Neulock (remastered edition),TokyoFucculator,3269360502.0,"Thumbe, Dakshina Kannada, Karnataka, 574143, India",now I sound better,False,,0,"Thumbe, Dakshina Kannada, Karnataka, 574143, India","(12.8696015, 74.9875769, 0.0)",0,0,0
@Zishaawn @Kristennetten @elonmusk OMG instant 1 btc. i am rich now,2021-02-15 19:00:48,1.3613900176508436e+18,Farid El-Moslmany,FaridPT,322965038.0,Ù…ØµØ±,Physical therapy student,False,,0,Ù…ØµØ±,"(26.2540493, 29.2675469, 0.0)",0,0,0
"RT @lamegamehero: Way Home takes place in VR. Every time TXT are in a school, it takes place in VR. They always have some kind of mission aâ€¦",2021-02-15 19:00:53,1.3613900385888133e+18,hihihi.ğŸŒ»,NaomiSabogal,4116363795.0,"Hawaii, United States",Hi.,False,,10,"Hawaii, United States","(19.58726775, -155.42688965312746, 0.0)",0,0,0
"While the worst of the pandemic is likely over for Singapore, the nightlife industry continues to suffer economic tâ€¦ https://t.co/9rMVxIXpV3",2021-02-15 19:00:49,1.3613900224407388e+18,Business Today,businesstoday,90255977.0,"Princeton, Mercer County, New Jersey, United States","Founded in 1968 by Steve Forbes, Jonathan Perel, and Michael Mims, Business Today aims to be the leading forum for student-executive interaction.",False,"Manhattan, NY",0,"Princeton, Mercer County, New Jersey, United States","(40.3492744, -74.6592958, 0.0)",0,0,0
"RT @jattZone_: Not everyone wants their success to be celebrated.!

It can be hard to accept praise for ur accomplishment, but it needs toâ€¦",2021-02-15 19:00:52,1.361390036453761e+18,ğŸŒ·JAGRUTIğŸŒ·,jagruti_ghone,8.148793468128215e+17,India,"only Sid matter
Sidheartâ™¥ï¸",False,,245,India,"(22.3511148, 78.6677428, 0.0)",0,0,0
"RT @klug_alters: Going back to the movies with the first of two vintage poster-style alters I've been working on.

This one references promâ€¦",2021-02-15 19:00:49,1.361390024701444e+18,Richard Beard,TheSuperSlacker,57163188.0,"Planet Earth, SR 14, Edinburg, Edinburg Township, Portage County, Ohio, 44412, United States",Nothing is more discouraging than unappreciated sarcasm - Mark Twain,False,,32,"Planet Earth, SR 14, Edinburg, Edinburg Township, Portage County, Ohio, 44412, United States","(41.1018669, -81.1515962, 0.0)",0,0,0
@ImranSZN I almost did twice... went black out...lol,2021-02-15 19:00:44,1.361390003734147e+18,Ulob Oyeleke,TifeOyeleke,1.2151575450122527e+18,"Lagos, Lagos Island, 100242, Nigeria","CHRISTIAN
I LOVE LOVEğŸ˜ğŸ˜.
HUMANITARIAN 
SOULED OUTğŸ™ŒğŸ™Œ.",False,,0,"Lagos, Lagos Island, 100242, Nigeria","(6.4550575, 3.3941795, 0.0)",0,0,0
"RT @EmagineShop: Coming this Friday, Feb. 19th at 1pm CST to Emagine Shop!

A thread ğŸ§µ",2021-02-15 19:00:52,1.361390034440618e+18,â€¢Emâ€¢,EmagineShop,1.2790845600772588e+18,"Nashville-Davidson, Davidson County, Tennessee, United States","Online Gift Boutique based in Nashville, TN ğŸ’– â€¢ Updates Every Friday at 1pm CST â€¢ she/her â€¢",False,,10,"Nashville-Davidson, Davidson County, Tennessee, United States","(36.1622296, -86.7743531, 0.0)",0,0,0
"@MistyBlueAF Thanks, Misty!  It is!  I have terrible self-confidence sometimes and am afraid to change up my job, but I can do this!",2021-02-15 19:00:43,1.3613899969854874e+18,ğŸ± Suzy S ğŸ±,Squeeze96,18595690.0,"Wisconsin, United States","â¤TV, music, and video games. Sitcoms, Series (comedy, drama, horror, fantasy), Reality: Big Brother, Sequester. No DMs!Go Pack Go! Cute animals! ğŸ¥°ğŸ˜ RIP John.",False,,0,"Wisconsin, United States","(44.4308975, -89.6884637, 0.0)",0,0,0
@FYRENAP I have a big Christmas party tomorrow,2021-02-15 19:00:54,1.3613900440162427e+18,London's_Quite_Big,dewitte_kinsha,1.0799246938666353e+18,"The Big Red Bus, 8, Calle del Doctor GalÃ­ndez, Barrio de San AntÃ³n, Cuenca, Castilla-La Mancha, 16001, EspaÃ±a",ot5| Potterhead |15 |she/her,False,,0,"The Big Red Bus, 8, Calle del Doctor GalÃ­ndez, Barrio de San AntÃ³n, Cuenca, Castilla-La Mancha, 16001, EspaÃ±a","(40.0751122, -2.1363356, 0.0)",0,0,0
"RT @cynicalsix: Bolt!! It's been a while since i've drawn her :^)

#Fortnite #FortniteArt
[ Bolt ] https://t.co/MQ1YNvl7q5",2021-02-15 19:00:47,1.361390014614143e+18,Mackie in classğŸ’šâœ¨,Mack32TWD,1.0768205757698048e+18,Brasil,Pfp by @blue_schezo | She/he/they | 15y old artist | Epic and code Mack32TWD #ad | header made by Da queen @Maryam_Z_17 ğŸ’–ğŸ‘‘ | I don't follow back,False,,13,Brasil,"(-10.3333333, -53.2, 0.0)",0,0,0
"RT @Kehlani: i LOVE when people perfectly nail gifts because they pay attention to what you actually like, with sentiment behind it.

the râ€¦",2021-02-15 19:00:42,1.3613899929295954e+18,YoshiDoll,yoshidoll71017,1.2002375602970706e+18,"Brampton, Peel Region, Golden Horseshoe, Ontario, Canada","I believe in laughter & karma so trust me when I say IDGAF who or what you do.

~check out the link for custom apparel~ https://t.co/3UM97Qi389",False,,13970,"Brampton, Peel Region, Golden Horseshoe, Ontario, Canada","(43.6858146, -79.7599337, 0.0)",0,0,0
"RT @onlyy_bursin: Why aren't we talking about how Eda said "" I FALL IN LOVE WITH HIM MORE AND MORE EVERYDAY""
we were literally begging forâ€¦",2021-02-15 19:00:53,1.361390040442671e+18,Mara,marasofiasp,2312346890.0,"Lisboa, Grande Lisboa, Ãrea Metropolitana de Lisboa, Portugal",ISCAL - GestÃ£o ğŸ“ 1904 ğŸ”´âšªï¸ 20âœ¨                   Conta backup: @MaraPatrcio1,False,,65,"Lisboa, Grande Lisboa, Ãrea Metropolitana de Lisboa, Portugal","(38.7077507, -9.1365919, 0.0)",0,0,0
Quote tweet with a pic from when you knew your body was ğŸ”¥ https://t.co/mqdbvMWuyr https://t.co/0Ya2ZZJigx,2021-02-15 19:00:53,1.361390040560132e+18,Marcie ğŸ‡¨ğŸ‡¦,marceattack20,272036910.0,"Saskatchewan, Canada",Farm Wife | Oilers fan ğŸ§¡ğŸ’™ | BHJ | Hair School Student | Nature Lover ğŸŒ±ğŸŒ»,False,,0,"Saskatchewan, Canada","(55.5321257, -106.1412243, 0.0)",0,0,0
"Happy Presidents Day Coyotes!
Fun Fact: In 1885, Presidents Day was created in honor President George Washington'sâ€¦ https://t.co/6oOm79Btxn",2021-02-15 19:00:52,1.3613900367433196e+18,OSR at CSUSB,OSR_CSUSB,1096135854.0,"San Bernardino County, California, United States",OSRâ€™s mission to facilitate the engagement of students in scholarly activity related to their disciplines.,False,,0,"San Bernardino County, California, United States","(34.8253019, -116.0833144, 0.0)",0,0,0
RT @marthamaccallum: We just learned @NYGovCuomo will brief on Covid and make an announcement @ 2:15 ET - Iâ€™m joined at 3 pm by a Dem NY laâ€¦,2021-02-15 19:00:47,1.3613900130622013e+18,truthnhopeagent,torrancesolomon,182192730.0,"Florida, United States",Impacting lives with hope,False,,43,"Florida, United States","(27.7567667, -81.4639835, 0.0)",0,0,0
wait i need an airbnb,2021-02-15 19:00:52,1.3613900374311813e+18,anna marie,annabhier,1705578637.0,"Chicago, Cook County, Illinois, United States",should've been alive in the crustaceous period ğŸ‡«ğŸ‡·,False,,0,"Chicago, Cook County, Illinois, United States","(41.8755616, -87.6244212, 0.0)",0,0,0
"RT @McLarenF1: Ready, team?

#SendIt ğŸ˜‰ https://t.co/YwccTbLywO",2021-02-15 19:00:56,1.361390050408358e+18,pÃ©rez,santiagop_r,4264060820.0,MÃ©xico,@PayerMty ğŸ”,False,,327,MÃ©xico,"(22.5000485, -100.0000375, 0.0)",0,0,0
@BrujaTalksTarot You wouldn't believe me if I had told you...I've had worst. https://t.co/whbEJvnJva,2021-02-15 19:00:52,1.3613900363448402e+18,Angie ğ•»ğ–ğ–”ğ–Šğ–“ğ–ğ– ğŸ‘“ (ğŸ“HWC '21),Da_Nerdette,299714179.0,"Chicago, Cook County, Illinois, United States","30-something Weirdo. Geek of Random things. Sometimes, I design stuff. / â™‰â˜‰ â™ˆ â˜¾ â™‘â¬†/ (ğŸ“: @HW_College ) #MutantandProud â¨‚ (She/Her) #BLM",False,,0,"Chicago, Cook County, Illinois, United States","(41.8755616, -87.6244212, 0.0)",0,0,0
a few months ago someone told me disney world was going to be built where tillmanâ€™s corner is now but the land wasâ€¦ https://t.co/RA3DBkv1Fu,2021-02-15 19:00:43,1.361389996436054e+18,candaceğŸ¤,candacelittlee,1.2211414609905377e+18,"Mobile, Mobile County, Alabama, United States",,False,,0,"Mobile, Mobile County, Alabama, United States","(30.6943566, -88.0430541, 0.0)",0,0,0
"RT @JuliaHB1: We never have enough data to end lockdown, do we? Actual *facts* on vaccines, hospital admissions &amp; deaths aren't enough to eâ€¦",2021-02-15 19:00:43,1.361389997153284e+18,traceyğŸ‡­ğŸ‡°ğŸ™‚,lucys99,258736411.0,"Hong Kong France, Boulevard de Magenta, Quartier de la Porte-Saint-Martin, Paris 10e Arrondissement, Paris, Ãle-de-France, France mÃ©tropolitaine, 75010, France",,False,,619,"Hong Kong France, Boulevard de Magenta, Quartier de la Porte-Saint-Martin, Paris 10e Arrondissement, Paris, Ãle-de-France, France mÃ©tropolitaine, 75010, France","(48.8715067, 2.3600705, 0.0)",0,0,0
@ArtAcevedo Insanity! Enjoy a quick sled ğŸ›·!,2021-02-15 19:00:55,1.3613900461008118e+18,Pepe Lucho #BLM,cmoney_htx,3304571700.0,"District of Columbia, United States",making cities better places for people since 2012 all ğŸ’­â€™s & most ğŸ“¸â€™s are my own || now: west of the potomac // prev: @houstonplanning & @vcu | BilingÃ¼e,False,"Washington, DC",0,"District of Columbia, United States","(38.89379365, -76.98799757261312, 0.0)",0,0,0
"RT @Tactical_Times: Patrick Bamford on why he couldn't get a game for Burnley. Jesus christ, Sean. https://t.co/Iwb5qLfng4",2021-02-15 19:00:55,1.3613900480134103e+18,Dan,Timmy91169983,1.155980184970883e+18,"Otta, Ijebu Ode, Ogun, Nigeria",Remember those who do not learn to bend with the wind will surely break,False,,509,"Otta, Ijebu Ode, Ogun, Nigeria","(6.7260155, 3.9996997, 0.0)",0,0,0
"RT @ReesusP: Watching a party die in real time is so 2020, just hurry up all ready. These dramatic dying gasps are getting a bit obvious, wâ€¦",2021-02-15 19:00:50,1.3613900277548032e+18,Susan Hamilton,JGHIRETIRE,62104778.0,"Western & Washington, Western Avenue, Harvard Heights, Los Angeles, Los Angeles County, California, 90018-1540, United States","Dynamite Specialty Products
Winding Road Healing Ministry",False,,115,"Western & Washington, Western Avenue, Harvard Heights, Los Angeles, Los Angeles County, California, 90018-1540, United States","(34.0401416, -118.3091131, 0.0)",0,0,0
